-- phpMyAdmin SQL Dump
-- version 4.1.6
-- http://www.phpmyadmin.net
--
-- Servidor: 127.0.0.1
-- Tiempo de generación: 18-02-2016 a las 17:20:49
-- Versión del servidor: 5.6.16
-- Versión de PHP: 5.5.9

SET SQL_MODE = "NO_AUTO_VALUE_ON_ZERO";
SET time_zone = "+00:00";


/*!40101 SET @OLD_CHARACTER_SET_CLIENT=@@CHARACTER_SET_CLIENT */;
/*!40101 SET @OLD_CHARACTER_SET_RESULTS=@@CHARACTER_SET_RESULTS */;
/*!40101 SET @OLD_COLLATION_CONNECTION=@@COLLATION_CONNECTION */;
/*!40101 SET NAMES utf8 */;

--
-- Base de datos: `sistemasicsc`
--

DELIMITER $$
--
-- Procedimientos
--
CREATE DEFINER=`root`@`localhost` PROCEDURE `insCursosGrupos`(IN `varCodigo` VARCHAR(7), IN `varNombre` VARCHAR(100), IN `varGrupo` TINYINT, IN `varSemestre` TINYINT, IN `varAnno` SMALLINT, OUT `varIdGrupo` INT)
    NO SQL
BEGIN
	DECLARE	varCant int;
    SELECT COUNT(*) INTO varCant FROM cursos where codigo=varCodigo;

    if (varCant=0) THEN
        insert INTO cursos (codigo,nombre) values (varCodigo,varNombre);
    END IF;

    insert into grupos (codigo,grupo,semestre,anno) VALUES (varCodigo,varGrupo,varSemestre,varAnno);

    select last_insert_id() into varIdGrupo;
END$$

CREATE DEFINER=`root`@`localhost` PROCEDURE `insMatriculasEstudiantes`(IN `varCarne` INT, IN `varNombre` VARCHAR(100), IN `varIdGrupo` INT, IN `varCarrera` VARCHAR(3))
    NO SQL
BEGIN
    DECLARE	varCant int;
    SELECT COUNT(*) INTO varCant FROM estudiantes where carne=varCarne;
    if (varCant=0) THEN
        insert INTO estudiantes (carne,nombre,carrera) values (varCarne,varNombre,varCarrera);
    END IF;
    insert into matriculaEstudiante (carne,idGrupo) VALUES (varCarne,varIdGrupo);
END$$

CREATE DEFINER=`root`@`localhost` PROCEDURE `valoraComentario`(IN `varCarne` INT, IN `varIdGrupo` INT, IN `varComentario` VARCHAR(200))
    NO SQL
BEGIN
	DECLARE	varCant int;
    SELECT COUNT(*) INTO varCant FROM valoraComentario where carne=varCarne and idGrupo=varIdGrupo;

    if (varCant=0) THEN

        INSERT INTO valoraComentario (carne,idGrupo,comentario) values (varCarne,varIdGrupo,varComentario);
    ELSE
        UPDATE valoraComentario set comentario=varComentario where carne=varCarne and idGrupo=varIdGrupo;
	END IF;
END$$

CREATE DEFINER=`root`@`localhost` PROCEDURE `valoraCurso`(IN `varCarne` INT, IN `varIdgrupo` INT, IN `varValoracion` INT)
    NO SQL
BEGIN
	DECLARE	varCant int;
    SELECT COUNT(*) INTO varCant FROM valoraCurso where carne=varCarne and idGrupo=varIdGrupo;

    if (varCant=0) THEN
        INSERT INTO valoraCurso (carne,idGrupo,valoracion) values (varCarne,varIdGrupo,varValoracion);
    ELSE
        UPDATE valoraCurso set valoracion=varValoracion where carne=varCarne and idGrupo=varIdGrupo;
	END IF;
END$$

CREATE DEFINER=`root`@`localhost` PROCEDURE `valoraProfesor`(IN `varCarne` INT, IN `varCedula` VARCHAR(11), IN `varIdGrupo` INT, IN `varValoracion` INT)
    NO SQL
BEGIN
	DECLARE	varCant int;
    SELECT COUNT(*) INTO varCant FROM valoraProfesor 
	WHERE carne=varCarne and idGrupo=varIdGrupo and cedula=varCedula;

    if (varCant=0) THEN
        INSERT INTO valoraProfesor (carne,cedula,idGrupo,valoracion) values (varCarne,varCedula,varIdGrupo,varValoracion);
    ELSE
        UPDATE valoraProfesor set valoracion=varValoracion 
		WHERE carne=varCarne and idGrupo=varIdGrupo and cedula=varCedula;
	END IF;
END$$

DELIMITER ;

-- --------------------------------------------------------

--
-- Estructura de tabla para la tabla `acre_componentes`
--

CREATE TABLE IF NOT EXISTS `acre_componentes` (
  `idComponente` int(11) NOT NULL AUTO_INCREMENT,
  `idDimension` int(11) NOT NULL,
  `descripcion` text NOT NULL,
  PRIMARY KEY (`idComponente`)
) ENGINE=InnoDB  DEFAULT CHARSET=latin1 AUTO_INCREMENT=7 ;

--
-- Volcado de datos para la tabla `acre_componentes`
--

INSERT INTO `acre_componentes` (`idComponente`, `idDimension`, `descripcion`) VALUES
(1, 1, 'Correspondencia con el contexto'),
(2, 2, 'Plan de Estudios'),
(3, 2, 'Personal Académico'),
(4, 2, 'Infraestructura'),
(5, 2, 'Centro de Información y Recursos'),
(6, 2, 'Equipos y Materiales');

-- --------------------------------------------------------

--
-- Estructura de tabla para la tabla `acre_criterios`
--

CREATE TABLE IF NOT EXISTS `acre_criterios` (
  `idCriterio` int(11) NOT NULL AUTO_INCREMENT,
  `numeroCriterio` text NOT NULL,
  PRIMARY KEY (`idCriterio`)
) ENGINE=InnoDB  DEFAULT CHARSET=latin1 AUTO_INCREMENT=21 ;

--
-- Volcado de datos para la tabla `acre_criterios`
--

INSERT INTO `acre_criterios` (`idCriterio`, `numeroCriterio`) VALUES
(1, '1.3.1'),
(2, '3.3.11'),
(3, '2.1.10'),
(4, '2.1.11'),
(5, '2.1.13'),
(6, '2.2.4'),
(7, 'Estándar'),
(8, '2.2.8'),
(9, '3.4.2'),
(10, '2.2.11'),
(11, '3.1.2'),
(12, '3.3.4'),
(13, '2.31'),
(14, '2.4.5'),
(15, '2.4.6'),
(16, '2.4.2'),
(17, '2.4.3'),
(18, '2.5.1'),
(19, '2.5.2'),
(20, '2.6.5');

-- --------------------------------------------------------

--
-- Estructura de tabla para la tabla `acre_debilidades`
--

CREATE TABLE IF NOT EXISTS `acre_debilidades` (
  `idDebilidad` int(11) NOT NULL AUTO_INCREMENT,
  `descripcion` text NOT NULL,
  `idComponente` int(11) NOT NULL,
  `carreras_sedes` text NOT NULL,
  `causas` text NOT NULL,
  `objetivos` text NOT NULL,
  `indicadores` text NOT NULL,
  PRIMARY KEY (`idDebilidad`)
) ENGINE=InnoDB  DEFAULT CHARSET=latin1 AUTO_INCREMENT=3 ;

--
-- Volcado de datos para la tabla `acre_debilidades`
--

INSERT INTO `acre_debilidades` (`idDebilidad`, `descripcion`, `idComponente`, `carreras_sedes`, `causas`, `objetivos`, `indicadores`) VALUES
(1, 'Falta de conocimiento en el sector empleador global del perfil de salida de la carrera.', 1, 'ATI', 'Se carece de una estrategia para socializar y presentar el perfil de salida de ATI en los ámbitos empresariales.', 'Establecer una estrategia de difusión y socialización del perfil de salida de la carrera.\r\n\r\nRealizar actividades de retroalimentación de parte de la industria con relación al perfil de salida de ATI.', '1 propuesta de plan de trabajo para cuatro años.\r\n\r\n2 eventos anuales para favorecer el enlace con la industria (presentación del perfil de salida).\r\n\r\n1 evento anual para recibir retroalimentación de la industria con relación al perfil de salida de ATI.'),
(2, 'Entre un 28.98% y un 41.89% de los estudiantes de IC en San Carlos y Cartago respectivamente no perciben que el plan de estudios incluya contenidos de ética para el ejercicio profesional.', 2, 'Todas', 'Las dos sedes que presentan porcentajes menores (Cartago y San Carlos) con respecto a la percepción de contenidos de ética en el plan de estudios, se debe a que ejecutan al mismo tiempo los planes de estudio 409 y 410. El plan 410 evidencia el tema de ética en forma trasversal y formal en algunos programas del plan de estudios.', 'Evidenciar el tema de la ética para el ejercicio profesional mediante el abordaje de temas éticos en los programas de los cursos.', '100% de los cursos seleccionados en la propuesta de actualización quedarán actualizados.');

-- --------------------------------------------------------

--
-- Estructura de tabla para la tabla `acre_debilidades_criterios`
--

CREATE TABLE IF NOT EXISTS `acre_debilidades_criterios` (
  `idDebilidad` int(11) NOT NULL,
  `idCriterio` int(11) NOT NULL,
  PRIMARY KEY (`idCriterio`,`idDebilidad`)
) ENGINE=InnoDB DEFAULT CHARSET=latin1;

--
-- Volcado de datos para la tabla `acre_debilidades_criterios`
--

INSERT INTO `acre_debilidades_criterios` (`idDebilidad`, `idCriterio`) VALUES
(1, 1),
(1, 2),
(2, 3);

-- --------------------------------------------------------

--
-- Estructura de tabla para la tabla `acre_dimenciones`
--

CREATE TABLE IF NOT EXISTS `acre_dimenciones` (
  `idDimension` int(11) NOT NULL AUTO_INCREMENT,
  `descripcion` text NOT NULL,
  PRIMARY KEY (`idDimension`)
) ENGINE=InnoDB  DEFAULT CHARSET=latin1 AUTO_INCREMENT=3 ;

--
-- Volcado de datos para la tabla `acre_dimenciones`
--

INSERT INTO `acre_dimenciones` (`idDimension`, `descripcion`) VALUES
(1, 'Relación con el contexto'),
(2, 'Recursos');

-- --------------------------------------------------------

--
-- Estructura de tabla para la tabla `aulas`
--

CREATE TABLE IF NOT EXISTS `aulas` (
  `idaula` varchar(6) NOT NULL,
  `tipo` varchar(30) DEFAULT NULL,
  PRIMARY KEY (`idaula`)
) ENGINE=InnoDB DEFAULT CHARSET=utf8;

--
-- Volcado de datos para la tabla `aulas`
--

INSERT INTO `aulas` (`idaula`, `tipo`) VALUES
('A-02', 'Aula'),
('A-03', 'Aula'),
('A-04', 'Aula'),
('A-05', 'Aula'),
('A-06', 'Aula'),
('A-07', 'Aula'),
('A-08', 'Aula'),
('A-09', 'Aula'),
('A-10', 'Aula'),
('A-11', 'Aula'),
('A-12', 'Aula'),
('A-13', 'Aula'),
('A-14', 'Aula'),
('A-15', 'Aula'),
('AUC-01', 'Auditorio'),
('AUD-02', 'Auditorio'),
('BRM-01', 'Auditorio'),
('E-01', 'Aula'),
('G-01', 'Otros'),
('JCA-01', 'Auditorio'),
('LAB-01', 'Laboratorio'),
('LAB-02', 'Laboratorio'),
('LAG-01', 'Laboratorio'),
('LB-01', 'Laboratorio'),
('LB-02', 'Laboratorio'),
('LE-01', 'Laboratorio'),
('LE-02', 'Laboratorio'),
('LEN-01', 'Laboratorio'),
('LF-01', 'Laboratorio'),
('LMV-01', 'Laboratorio'),
('LP-01', 'Laboratorio'),
('LQ-01', 'Laboratorio'),
('LQ-02', 'Laboratorio'),
('LS-01', 'Laboratorio'),
('LTU-01', 'Laboratorio'),
('LZE-01', 'Laboratorio'),
('NAE-00', 'Otros'),
('NAG-00', 'Otros'),
('NCA-00', 'Otros'),
('NCL-00', 'Otros'),
('NE-00', 'Otros'),
('NPI-00', 'Otros'),
('NTR-00', 'Otros'),
('PSC-01', 'Otros'),
('T-01', 'Aula'),
('T-02', 'Aula'),
('T-03', 'Aula'),
('T-04', 'Aula'),
('T-05', 'Aula'),
('TCN-01', 'Aula');

-- --------------------------------------------------------

--
-- Estructura de tabla para la tabla `bloques`
--

CREATE TABLE IF NOT EXISTS `bloques` (
  `idBloque` int(11) NOT NULL AUTO_INCREMENT,
  `nombre` varchar(30) NOT NULL,
  `nivel` tinyint(4) NOT NULL DEFAULT '1',
  `carrera` varchar(3) NOT NULL,
  `guia` varchar(6) NOT NULL,
  PRIMARY KEY (`idBloque`),
  KEY `carrera` (`carrera`)
) ENGINE=InnoDB  DEFAULT CHARSET=utf8 AUTO_INCREMENT=41 ;

--
-- Volcado de datos para la tabla `bloques`
--

INSERT INTO `bloques` (`idBloque`, `nombre`, `nivel`, `carrera`, `guia`) VALUES
(29, 'Bloque(50)', 1, 'CA', '2016-1'),
(30, 'Bloque(51)', 1, 'CA', '2016-1'),
(34, 'Bloque(50)', 2, 'CA', '2016-1'),
(35, 'Bloque(50)', 3, 'CA', '2016-1'),
(36, 'Bloque(50)', 4, 'CA', '2016-1'),
(37, 'Bloque(50)', 5, 'CA', '2016-1'),
(39, 'Bloque(50)', 7, 'CA', '2016-1'),
(40, 'Bloque(50)', 8, 'CA', '2016-1');

-- --------------------------------------------------------

--
-- Estructura de tabla para la tabla `bloques_grupos`
--

CREATE TABLE IF NOT EXISTS `bloques_grupos` (
  `idGrupo` int(11) NOT NULL,
  `idBloques` int(11) NOT NULL,
  PRIMARY KEY (`idGrupo`,`idBloques`),
  KEY `idBloques` (`idBloques`)
) ENGINE=InnoDB DEFAULT CHARSET=utf8;

--
-- Volcado de datos para la tabla `bloques_grupos`
--

INSERT INTO `bloques_grupos` (`idGrupo`, `idBloques`) VALUES
(1414, 29),
(1419, 29),
(1422, 29),
(1609, 29),
(1652, 29),
(1712, 29),
(1715, 29),
(1420, 30),
(1421, 30),
(1423, 30),
(1610, 30),
(1716, 30),
(1425, 34),
(1427, 34),
(1428, 34),
(1553, 34),
(1614, 34),
(1750, 34),
(1426, 35),
(1429, 35),
(1617, 35),
(1713, 35),
(1729, 35),
(1430, 36),
(1431, 36),
(1434, 36),
(1714, 36),
(1432, 37),
(1433, 37),
(1436, 37),
(1618, 37),
(1736, 37),
(1435, 39),
(1437, 39),
(1438, 39),
(1463, 39),
(1741, 40),
(1742, 40);

-- --------------------------------------------------------

--
-- Estructura de tabla para la tabla `carreras`
--

CREATE TABLE IF NOT EXISTS `carreras` (
  `codCarrera` varchar(3) NOT NULL,
  `nombre` varchar(100) DEFAULT NULL,
  PRIMARY KEY (`codCarrera`),
  KEY `codCarrera` (`codCarrera`),
  KEY `codCarrera_2` (`codCarrera`)
) ENGINE=InnoDB DEFAULT CHARSET=utf8;

--
-- Volcado de datos para la tabla `carreras`
--

INSERT INTO `carreras` (`codCarrera`, `nombre`) VALUES
('AE', 'ADMINISTRACIÓN DE EMPRESAS'),
('AG', 'INGENIERÍA EN AGRONOMÍA'),
('CA', 'INGENIERÍA EN COMPUTACIÓN'),
('CL', 'ESCUELA DE CIENCIAS Y LETRAS'),
('DVE', 'VIDA ESTUDIANTIL Y SERVICIOS ACADÉMICOS'),
('E', 'INGENIERÍA EN ELECTRONICA'),
('EC', 'ESCUELA DE CIENCIAS NATURALES Y EXACTAS'),
('EI', 'ESCUELA DE IDIOMAS Y CIENCIAS SOCIALES'),
('ME', 'ESCUELA DE CIENCIA E INGENIERIA DE LOS MATERIALES'),
('MI', 'ESCUELA DE INGENIERÍA EN ELECTROMECÁNICA'),
('OTR', 'OTRAS ACTIVIDADES'),
('PI', 'INGENIERÍA EN PRODUCCIÓN INDUSTRIAL'),
('TR', 'GESTION DEL TURISMO RURAL SOSTENIBLE');

-- --------------------------------------------------------

--
-- Estructura de tabla para la tabla `cursos`
--

CREATE TABLE IF NOT EXISTS `cursos` (
  `codigo` char(7) NOT NULL,
  `nombre` varchar(100) NOT NULL,
  `codcarrera` varchar(3) NOT NULL,
  PRIMARY KEY (`codigo`),
  KEY `codcarrera` (`codcarrera`)
) ENGINE=InnoDB DEFAULT CHARSET=utf8;

--
-- Volcado de datos para la tabla `cursos`
--

INSERT INTO `cursos` (`codigo`, `nombre`, `codcarrera`) VALUES
('AE1122', 'CONTABILIDAD I', 'AE '),
('AE1123', 'CONTABILIDAD II', 'AE '),
('AE1217', 'TEORIA ADMINISTRATIVA I ', 'AE '),
('AE1218', 'TEORIA ADMINISTRATIVA II', 'AE '),
('AE2124', 'CONTABILIDAD III', 'AE '),
('AE2125', 'MATEMÁTICA FINANCIERA', 'AE '),
('AE2126', 'CONTABILIDAD DE COSTOS I', 'AE '),
('AE2219', 'COMPORTAMIENTO ORGANIZACIONAL', 'AE '),
('AE2220', 'ANALISIS ADMINISTRATIVO', 'AE '),
('AE2308', 'MICROECONOMIA', 'AE '),
('AE2311', 'MACROECONOMIA', 'AE '),
('AE2505', 'ESTADISTICA I ', 'AE '),
('AE2506', 'ESTADISTICA II', 'AE '),
('AE2703', 'COMPUTACION PARA ADMINISTRACION', 'AE '),
('AE2704', 'SISTEMAS DE INFORMACIÓN PARA ADMINISTRACIÓN', 'AE '),
('AE3127', 'ADMINISTRACION FINANCIERA I ', 'AE '),
('AE3128', 'ADMINISTRACION FINANCIERA II', 'AE '),
('AE3227', 'ADMINISTRACION FINANCIERA', 'AE '),
('AE3312', 'NEGOCIOS INTERNACIONALES', 'AE '),
('AE3411', 'MERCADOTECNIA I ', 'AE '),
('AE3413', 'MERCADOTECNIA II', 'AE '),
('AE3505', 'METODOLOGIA DE LA INVESTIGACION', 'AE '),
('AE3506', 'PRODUCTIVIDAD EMPRESARIAL', 'AE '),
('AE4128', 'AUDITORIA I ', 'AE '),
('AE4130', 'FORMULACION Y EVALUACION PROYECTOS', 'AE '),
('AE4208', 'DESAROLLO DE EMPRENDEDORES', 'AE '),
('AE4223', 'ADMINISTRACION DE RECURSOS HUMANOS I', 'AE '),
('AE4226', 'ESTRATEGIA EMPRESARIAL', 'AE '),
('AE4228', 'GESTION DEL TALENTO HUMANO II', 'AE '),
('AE4602', 'PRACTICA', 'AE '),
('AG1001', 'INTRODUCCION A LA AGRONOMIA', 'AG '),
('AG1002', 'INTRODUCCION A PLAGAS AGROPECUARIAS', 'AG '),
('AG2102', 'NUTRICION ANIMAL', 'AG '),
('AG2201', 'FISIOLOGIA VEGETAL', 'AG '),
('AG2304', 'AGROESTADISTICA I', 'AG '),
('AG2701', 'ADMINISTRACION AGROPECUARIA I', 'AG '),
('AG3004', 'SISTEMAS AGRONOMICOSDE INFORMACION GEOGRAFICA', 'AG '),
('AG3006', 'MANEJO DE RECURSOS FITOGENETICOS', 'AG '),
('AG3011', 'GESTION DE CALIDAD AGROALIMENTARIA', 'AG '),
('AG3106', 'SANIDAD ANIMAL', 'AG '),
('AG3219', 'PROTECCION DE CULTIVOS I', 'AG '),
('AG3220', 'MANEJO DE SUELOS', 'AG '),
('AG3221', 'RIEGO Y DRENAJE', 'AG '),
('AG3222', 'MEJORAMIENTO GENETICO AGROPECUARIO', 'AG '),
('AG3306', 'AGROMATICA I', 'AG '),
('AG3405', 'AGROESTADISTICA II', 'AG '),
('AG4405', 'PRACTICA DE ESPECIALIDAD', 'AG '),
('AG4700', 'SISTEMA DE PRODUCCION HORTICULA', 'AG '),
('AG4701', 'SISTEMAS DE PRODUCCION DE BOVINOS DE CARNE', 'AG '),
('AG4702', 'SEMINARIO ESPECIALIZADO', 'AG '),
('AG5221', 'MANEJO Y COMERCIALIZACION DE PRODUCTOS A', 'AG '),
('AG5222', 'SEMINARIO DE TRABAJOS FINALES DE GRADUACION', 'AG '),
('AG5405', 'PREPARACION Y EVALUACION PROYECTOS AGROPECU', 'AG '),
('AG5507', 'TRABAJO FINAL DE GRADUACION', 'AG '),
('AG5700', 'SISTEMAS DE PRODUCCION FRUTICULA', 'AG '),
('AG5701', 'SISTEMAS DE PRODUCCION PORCINA', 'AG '),
('BI1101', 'BIOLOGÍA GENERAL ', 'EC '),
('BI1102', 'LABORATORIO DE BIOLOGÍA GENERAL ', 'EC'),
('BI2301', 'GENÉTICA', 'CL '),
('BI2303', 'LABORATORIO DE GENÉTICA', 'CL '),
('BI3409', 'FUNDAMENTOS DE ECOLOGIA', 'EC '),
('CA2125', 'ELEMENTOS DE COMPUTACION', 'CA'),
('CA3125', 'ANÁLISIS DE ALGORITMOS', 'CA '),
('CI0200', 'EXAMEN DIAGNOSTICO', 'CL '),
('CI0202', 'INGLES BASICO', 'EI'),
('CI1106', 'COMUNICACION ESCRITA', 'EI'),
('CI1107', 'COMUNICACION ORAL', 'CL '),
('CI1230', 'INGLÉS I', 'EI'),
('CI1231', 'INGLES II', 'EI'),
('CI1305', 'INGLES I PARA ADMINISTRACION ', 'EI'),
('CI1306', 'INGLES II PARA ADMINISTRACION ', 'EI'),
('CI1307', 'INGLES TECNICO PARA AGRONOMIA ', 'EI'),
('CI1311', 'INGLES I PARA COMPUTACION', 'EI '),
('CI1312', 'INGLES II PARA COMPUTACION', 'EI '),
('CI1313', 'INGLES III PARA COMPUTACION', 'EI '),
('CI1314', 'INGLES IV PARA COMPUTACION', 'EI '),
('CI1403', 'COMUNICACION TECNICA', 'EI'),
('CI2307', 'INGLES III PARA ADMINISTRACION', 'EI'),
('CI2308', 'INGLES IV PARA ADMINISTRACION', 'EI'),
('CI3309', 'INGLES V PARA ADMINISTRACION ', 'EI'),
('CI4312', 'INGLES VII PARA ADMINISTRACION', 'EI'),
('CM3207', 'METODOS NUMERICOS PARA INGENIERIA', 'ME'),
('CS1308', 'DERECHO COMERCIAL ', 'EI'),
('CS1502', 'INTR. TEC. CIENCIA Y TECNOLOGIA ', 'EI'),
('CS2101', 'AMBIENTE HUMANO', 'EI '),
('CS2303', 'RELACIONES LABORALES', 'EI'),
('CS3102', 'SOCIOLOGIA RURAL', 'EI'),
('CS3401', 'SEMINARIO DE ESTUDIOS FILOSOFICOS HISTOR', 'EI '),
('CS3404', 'SEMINARIO DE ETICA EN LA INGENIERIA ', 'EI'),
('CS4402', 'SEMINARIO DE ESTUDIOS COSTARRICENSES', 'EI '),
('EL2107', 'LABORATORIO CIRCUITOS ELECTRICOS EN CORR', 'E  '),
('EL2108', 'LAB.CIRCUITOS ELECTR. EN CORRIENTE ALTE', 'E  '),
('EL2113', 'CIRCUITOS ELECTRICOS EN CORRIENTE CONTIN', 'E  '),
('EL2114', 'CIRCUITOS ELECTRICOS EN CORRIENTE ALTERNA ', 'E  '),
('EL2206', 'LABORATORIO DE ELEMENTOS ACTIVOS', 'E  '),
('EL2207', 'ELEMENTOS ACTIVOS', 'E  '),
('EL3111', 'TRANSFORMADORES Y MÁQUINAS ELÉCTRICAS', 'E  '),
('EL3205', 'LABORATORIO DE CIRCUITOS DISCRETOS', 'E  '),
('EL3212', 'CIRCUITOS DISCRETOS', 'E  '),
('EL3213', 'CIRCUITOS INTEGRADOS LINEALES', 'E  '),
('EL3214', 'LAB.CIRCUITOS INTEGRADOS LINEALES', 'E  '),
('EL3307', 'DISEÑO LOGICO', 'E  '),
('EL3308', 'LABORATORIO DE DISEÑO LOGICO', 'E  '),
('EL3310', 'DISEÑO DE SISTEMAS DIGITALES', 'E  '),
('EL3312', 'LAB.DISEÑO SISTEMAS DIGITALES', 'E  '),
('EL4105', 'LABORATORIO DE TRANSFORMADORES Y MAQUINAS ELECTRICAS', 'E  '),
('EL4311', 'ESTRUCTURA DE MICROPROCESADORES', 'E  '),
('EL4313', 'LABORATORIO ESTRUCTURA DE MICROPROCESADORES', 'E  '),
('EL4513', 'TEORIA ELCTROMAGNETICA I', 'E  '),
('EL4701', 'MODELOS DE SISTEMAS', 'E  '),
('FH1000', 'CENTROS DE FORMACION HUMANISTICA', 'CL '),
('FI1101', 'FISICA GENERAL I ', 'EC '),
('FI1102', 'FISICA GENERAL II ', 'EC '),
('FI1201', 'LABORATORIO DE FISICA GENERAL I ', 'EC '),
('FI1202', 'LABORATORIO FISICA GENERAL II ', 'EC'),
('FI2103', 'FISICA GENERAL III', 'EC'),
('FI2104', 'FÍSICA GENERAL IV', 'EC'),
('IC1400', 'FUNDAMENTOS DE ORGANIZACION DE COMPUTADORAS', 'CA'),
('IC1802', 'INTRODUCCION A LA PROGRAMACION', 'CA'),
('IC1803', 'TALLER DE PROGRAMACION', 'CA'),
('IC2000', 'ALGORITMOS Y ESTRUCTURAS DE DATOS I', 'CA '),
('IC2001', 'ESTRUCTURAS DE DATOS', 'CA'),
('IC2100', 'ORGANIZACIÓN DE COMPUTADORES Y LENGUAJE ENSAMBLADOR', 'CA '),
('IC2101', 'PROGRAMACION ORIENTADA A OBJETOS', 'CA'),
('IC3001', 'ALGORITMOS Y ESTRUCTURAS DE DATOS II', 'CA '),
('IC3002', 'ANALISIS DE ALGORITMOS', 'CA'),
('IC3101', 'ARQUITECTURA DE COMPUTADORES', 'CA'),
('IC4002', 'ADMINISTRACIÓN DE BASES DE DATOS', 'CA '),
('IC4300', 'BASES DE DATOS', 'CA '),
('IC4301', 'BASES DE DATOS I', 'CA'),
('IC4302', 'BASES DE DATOS II', 'CA'),
('IC4700', 'LENGUAJES DE PROGRAMACION', 'CA'),
('IC4810', 'ADMINISTRACION DE PROYECTOS', 'CA'),
('IC5701', 'COMPILADORES E INTERPRETES', 'CA '),
('IC5820', 'ESPECIFICACIÓN DE SOFTWARE', 'CA '),
('IC5821', 'REQUERIMIENTOS DE SOFTWARE', 'CA'),
('IC6200', 'INTELIGENCIA ARTIFICIAL', 'CA'),
('IC6400', 'INVESTIGACION DE OPERACIONES', 'CA'),
('IC6600', 'PRINCIPIOS DE SISTEMAS OPERATIVOS', 'CA'),
('IC6821', 'DISEÑO DE SOFTWARE', 'CA '),
('IC6830', 'SISTEMAS DE INFORMACIÓN ADMINISTRATIVOS', 'CA '),
('IC6831', 'ASEGURAMIENTO DE LA CALIDAD DEL SOFTWARE', 'CA'),
('IC7601', 'REDES LOCALES', 'CA '),
('IC7602', 'REDES', 'CA '),
('IC7811', 'ADMINISTRACIÓN DE LA FUNCIÓN DE LA INFORMACIÓN', 'CA '),
('IC7840', 'PROYECTO', 'CA '),
('IC7841', 'PROYECTO DE INGENIERIA DE SOFTWARE', 'CA'),
('IC7900', 'COMPUTACION Y SOCIEDAD', 'CA'),
('IC8016', 'INTRODUCCION AL DESARROLLO DE APLICACIONES PARA WEB', 'CA'),
('IC8041', 'DESARROLLO DE APLICACIONES PARA DISPOSITIVOS MOVILES', 'CA'),
('IC8841', 'PRACTICA DE ESPECIALIDAD', 'CA'),
('IC8842', 'PRACTICA PROFESIONAL', 'CA'),
('MA0101', 'MATEMATICA GENERAL ', 'EC '),
('MA1102', 'CALCULO DIFERENCIAL E INTEGRAL', 'EC '),
('MA1103', 'CALCULO Y ALGEBRA LINEAL', 'EC'),
('MA1301', 'MATEMATICA BASICA PARA ADMINISTRACION ', 'EC'),
('MA1403', 'MATEMATICA DISCRETA', 'EC'),
('MA1404', 'CALCULO', 'EC '),
('MA2105', 'ECUACIONES DIFERENCIALES', 'EC'),
('MA2404', 'PROBABILIDADES', 'EC '),
('MA2405', 'ALGEBRA LINEAL PARA COMPUTACION', 'EC'),
('MA3405', 'ESTADISTICA', 'EC'),
('MI2101', 'DIBUJO TÉCNICO', 'MI '),
('MI3138', 'MÁQUINAS Y EQUIPOS', 'MI '),
('PI2304', 'ESTUDIO DEL TRABAJO I', 'PI '),
('PI3308', 'ESTUDIO DEL TRABAJO II', 'PI '),
('PI3407', 'COMPUTACION INDUSTRIAL', 'PI '),
('PI3502', 'COSTOS INDUSTRIALES II', 'PI '),
('PI3611', 'PROBABILIDAD Y ESTADISTICA II', 'PI '),
('PI4303', 'CONTROL DE PRODUCCION', 'PI '),
('PI4306', 'METROLOGIA Y NORMALIZACION ', 'PI '),
('PI4307', 'CONTROL DE CALIDAD', 'PI '),
('PI4309', 'PLANEACION Y DISEÑO DE INSTALACIONES', 'PI '),
('PI4505', 'ANALISIS ECONOMICO', 'PI '),
('PI5302', 'DISEÑO DE EXPERIMENTOS', 'PI'),
('PI5401', 'SIMULACION INDUSTRIAL', 'PI'),
('PI5402', 'AUTOMATIZACION DE MANUFACTURA', 'PI'),
('PI5601', 'DIAGNOSTICO INDUSTRIAL', 'PI'),
('QU1102', 'LABORATORIO DE QUIMICA BASICA I ', 'EC'),
('QU1104', 'LABORAT. DE QUIMICA BASICA II', 'EC'),
('QU1106', 'QUIMICA BASICA I', 'EC'),
('QU1107', 'QUIMICA BASICA II', 'EC '),
('QU2402', 'LAB. FUNDAMENTOS QUIMICA ORGANICA', 'EC'),
('QU2407', 'FUNDAMENTOS DE QUIMICA ORGANICA', 'EC'),
('QU4401', 'GESTION AMBIENTAL AGROPECUARIA', 'EC'),
('SE1100', 'ACTIVIDAD CULTURAL I', 'CL '),
('SE1101', 'ARTES DRAMÁTICAS ', 'DVE'),
('SE1103', 'DANZA', 'DVE'),
('SE1105', 'ARTES MUSICALES', 'DVE'),
('SE1107', 'APRECIACIÓN DE CINE', 'DVE'),
('SE1110', 'DANZA MODERNA', 'DVE'),
('SE1111', 'EXPRESION CORPORAL', 'DVE'),
('SE1200', 'ACTIVIDAD DEPORTIVA I', 'CL '),
('SE1204', 'NATACIÓN', 'DVE'),
('SE1205', 'JUEGOS Y DEPORTES EN CONJUNTO', 'DVE'),
('SE1206', 'ACONDICIONAMIENTO FÍSICO', 'DVE'),
('SE1220', 'BALONCESTO', 'DVE'),
('SE1222', 'FUTBOL SALA', 'DVE'),
('SE1223', 'VOLEIBOL', 'DVE'),
('SE1400', 'ACTIVIDAD CULTURAL-DEPORTIVA', 'CL '),
('TR3133', 'LEGISLACION TURISTICA DE COSTA RICA', 'TR '),
('TR3211', 'GESTION AMBIENTAL Y TURISMO', 'TR '),
('TR3232', 'INFORMATICA Y TURISMO', 'TR '),
('TR3235', 'PLANIFICACION DEL TURISMO', 'TR '),
('TR4133', 'INTRODUCCION A LA INTERPRETACION AMBIENTAL', 'TR '),
('TR4231', 'SERVICIOS TURISTICOS RURALES', 'TR '),
('TR4232', 'INNOVACION DE PRODUCTOS TURISTICOS RURALES', 'TR '),
('TR4233', 'ORGANIZACION COMUNAL Y TURISMO', 'TR '),
('TR4241', 'PRACTICA DE ESPECIALIDAD', 'TR ');

-- --------------------------------------------------------

--
-- Estructura de tabla para la tabla `estudiantes`
--

CREATE TABLE IF NOT EXISTS `estudiantes` (
  `carne` int(11) NOT NULL DEFAULT '0',
  `nombre` varchar(50) DEFAULT NULL,
  `carrera` varchar(3) NOT NULL,
  PRIMARY KEY (`carne`),
  KEY `carrera` (`carrera`)
) ENGINE=InnoDB DEFAULT CHARSET=utf8;

--
-- Volcado de datos para la tabla `estudiantes`
--

INSERT INTO `estudiantes` (`carne`, `nombre`, `carrera`) VALUES
(200002588, 'ROJAS RODRIGUEZ REBECA', 'CA'),
(200130769, 'ANGULO ARCE HARVEY', 'CA'),
(200835479, 'VILLALOBOS CASTILLO MARLON', 'CA'),
(200838986, 'VARGAS UGALDE VICTOR MANUEL', 'CA'),
(200913164, 'HERRERA CASTRO HECTOR LUIS', 'CA'),
(200914403, 'SALAZAR SANCHEZ MELVIN DARIO', 'CA'),
(200938122, 'ABARCA SEGURA JUAN CARLOS', 'CA'),
(200941331, 'ALFARO ALPIZAR LUIS DIEGO', 'CA'),
(200941354, 'JIMENEZ BARRANTES MARIO ALBERTO', 'CA'),
(200941356, 'BARRANTES PANIAGUA OSVALDO FRANCIS', 'CA'),
(200967568, 'ZUMBADO HUERTAS BRIAN ELADIO', 'CA'),
(201009492, 'LUNA BAEZ DANY SADRAC', 'CA'),
(201012292, 'VIQUEZ BENAVIDES YOSENTH ANDRES', 'CA'),
(201014364, 'MENDEZ MARIN GIOVANNI GERARDO', 'CA'),
(201021572, 'VALVERDE HIDALGO DANIEL ANTONIO', 'CA'),
(201030999, 'VEGA FERNANDEZ CRISTIAM ALBERTO', 'CA'),
(201040539, 'MIRANDA VARGAS JOSUE DAVID', 'CA'),
(201040979, 'ROJAS ARAYA KEILOR GERARDO', 'CA'),
(201041438, 'CHAVES VARGAS LUIS ARTURO', 'CA'),
(201041586, 'SUAZO LOPEZ CHRISTIAM ANDRES', 'CA'),
(201042489, 'CAMPOS CHAVARRIA DOLGER GERARDO', 'CA'),
(201042701, 'MEJIAS BADILLA GABRIEL', 'CA'),
(201049525, 'ABARCA SANCHEZ IVANNIA', 'CA'),
(201050772, 'BRICEÑO CUBERO MAGDIEL ROBERTO', 'CA'),
(201055192, 'BOURROUETT VASQUEZ MANUEL GILBERTO', 'CA'),
(201070188, 'MENDEZ SOTO FRANCISCO ALBERTO', 'CA'),
(201105477, 'SALAS AGUILAR JEAN CARLOS', 'CA'),
(201106398, 'TABLADA ROJAS ALBERTO NICOLAS', 'CA'),
(201130227, 'HERNANDEZ SOLANO LUIS ALEJANDRO', 'CA'),
(201130451, 'MEJIAS CASCANTE HECTOR GERARDO', 'CA'),
(201132550, 'MORALES ARROYO MELANIE', 'CA'),
(201132743, 'PACHECO CORELLA URIEL ISAAC', 'CA'),
(201133297, 'GONZALEZ GONZALEZ ADRIANA MARIA', 'CA'),
(201133795, 'ESPINOZA MATAMOROS NIXON STEVEN', 'CA'),
(201134041, 'DURAN RODRIGUEZ MARTIN GABRIEL', 'CA'),
(201134103, 'CASTRO SALAS CARLOS EDUARDO', 'CA'),
(201134795, 'MARTINEZ OBREGON LUIS MIGUEL', 'CA'),
(201134882, 'SALAS PORRAS RANDY JOSE', 'CA'),
(201153989, 'CHAVES MARIN FERNANDO JOSE', 'CA'),
(201158146, 'ARAYA GOMEZ JEIMY PAMELA', 'CA'),
(201159795, 'ARAYA SOLIS GLORIANA MARIA', 'CA'),
(201163307, 'GONZALEZ GARCIA DAVID EDUARDO', 'CA'),
(201164038, 'JIMENEZ SEGURA RONALD', 'CA'),
(201166487, 'BARRANTES RODRIGUEZ PEDRO', 'CA'),
(201173364, 'SALAZAR MIRANDA JOHAN ANDREY', 'CA'),
(201173868, 'ARROYO VALVERDE JORGE ANTONIO', 'CA'),
(201229982, 'ULATE RETANA GENESIS MARIAN', 'CA'),
(201230026, 'BARRANTES BOLAÑOS HELLEN SELENIA', 'CA'),
(201232850, 'RODRIGUEZ CHAVES GABRIEL', 'CA'),
(201232865, 'BLANCO ROJAS EVAN JOSUE', 'CA'),
(201232962, 'SOLIS ROJAS JOSE PABLO', 'CA'),
(201232974, 'GONZALEZ RODRIGUEZ RANDALL', 'CA'),
(201233025, 'GONZALEZ UGALDE ANDRES FELIPE', 'CA'),
(201233238, 'AVILA ESTRADA JOSE FABIO', 'CA'),
(201233459, 'OVIEDO CORELLA JOSE MANUEL', 'CA'),
(201233826, 'LOBO RODRIGUEZ LUIS GUSTAVO', 'CA'),
(201233907, 'CASTRO KOSCHNY JESUS DAVID', 'CA'),
(201234147, 'SOLIS PARAJELES JONATHAN ANDRES', 'CA'),
(201234249, 'DURAN SOLANO BRIAN RODOLFO', 'CA'),
(201234542, 'SALAZAR PEREZ KATHERINE', 'CA'),
(201246884, 'CHAVES VILLEGAS BRANDON', 'CA'),
(201259609, 'DURAN HERNANDEZ ANTONY JOSEPH', 'CA'),
(201259770, 'MARCHENA SANCHEZ JEUDRIN ALI', 'CA'),
(201263242, 'GUTIERREZ ARCIA LESMED', 'CA'),
(201265867, 'RODRIGUEZ OVARES MARCOS ANTONIO', 'CA'),
(201265948, 'VALVERDE ALFARO JIMMY ALFONSO', 'CA'),
(201266637, 'CAMPOS ROJAS MARIA JOSETH', 'CA'),
(201281282, 'BLANCO ARIAS XAVIER GUSTAVO', 'CA'),
(201281865, 'RODRIGUEZ ROJAS JUAN PABLO', 'CA'),
(2013021847, 'ESQUIVEL VEGA VICTOR JOSUE', 'CA'),
(2013024489, 'NARANJO VARGAS EDER ALONSO', 'CA'),
(2013025621, 'RUIZ PEREZ ALBERTO', 'CA'),
(2013025627, 'ARCE RODRIGUEZ JUAN MIGUEL', 'CA'),
(2013026067, 'WALSH MUÑOZ PHIL KEVIN', 'CA'),
(2013026791, 'ROJAS VASQUEZ ANTHONY GERARDO', 'CA'),
(2013027185, 'RODRIGUEZ ALPIZAR DANIEL MAURICIO', 'CA'),
(2013029034, 'CARVAJAL ESPINOZA ANGIE PAOLA', 'PI'),
(2013040383, 'ARTAVIA GOMEZ MANFRED SCOTH', 'CA'),
(2013071872, 'CHAVES MENDEZ LAURENTH PAOLA', 'CA'),
(2013073004, 'SOLIS SOLIS CARLOS ARTURO', 'CA'),
(2013083934, 'ROJAS ROJAS HELLEN KARINA', 'CA'),
(2013085639, 'CHAVES ALVARADO PAOLA FABIANA', 'CA'),
(2013085706, 'SOLIS CHACON HENRY EMANUELLE', 'CA'),
(2013095337, 'ROJAS VARGAS JONATHAN', 'CA'),
(2013095340, 'GARCIA MENDOZA MINOR ANTONIO', 'CA'),
(2013096175, 'PEREZ ALFARO KENNET ALONSO', 'CA'),
(2013097299, 'JIMENEZ VARGAS JUAN GABRIEL', 'CA'),
(2013097331, 'CHACON VARGAS JOSE RICARDO', 'CA'),
(2013099441, 'AVILA GOMEZ YERLIN MARIELA', 'CA'),
(2013102310, 'LOPEZ MOLINA JOAQUIN ANDRES', 'CA'),
(2013114746, 'GAMBOA RODRIGUEZ MAINOR ANDREY', 'CA'),
(2013114923, 'SALAS SALAZAR CRISTIAM GUILLERMO', 'CA'),
(2013115363, 'RODRIGUEZ ARRIETA JOSE CARLOS', 'CA'),
(2013116236, 'GAMBOA VARGAS JOSE PABLO', 'CA'),
(2013121128, 'SALAZAR SANCHEZ BRIAN ANDREY', 'CA'),
(2013121153, 'RODRIGUEZ JIMENEZ DANIEL GUSTAVO', 'CA'),
(2013216430, 'BLANCO FERNANDEZ STEWART', 'CA'),
(2013235611, 'ROJAS HERNANDEZ MARVIN FAURICIO', 'CA'),
(2013236092, 'JIMENEZ GONZALEZ CARLOS EDUARDO', 'CA'),
(2013389846, 'GONZALEZ SANCHEZ CRISLY', 'CA'),
(2013389847, 'LOPEZ JIMENEZ MAURO', 'CA'),
(2013389893, 'VIQUEZ LOPEZ NATALIN', 'CA'),
(2014009403, 'PEREZ BADILLA ANDRES STEVEN', 'CA'),
(2014009589, 'STOHR - JOSEPH', 'CA'),
(2014012677, 'VEGA CESPEDES OSCAR ALFREDO', 'CA'),
(2014012861, 'ROJAS ALFARO GABRIEL', 'CA'),
(2014012980, 'MORA ROJAS RAQUEL FABIANA', 'CA'),
(2014012982, 'ALVARADO GOMEZ CRISTIAN MIGUEL', 'CA'),
(2014012984, 'ALVARADO VARELA KEVIN ANDRES', 'CA'),
(2014013630, 'ARAYA ZUÑIGA SERGIO JOSE', 'CA'),
(2014014981, 'ALVARADO VALENCIANO ANDREW JOSE', 'CA'),
(2014016150, 'ZAMORA ARIAS KEVIN ANDREY', 'CA'),
(2014016183, 'VILLALOBOS GONZALEZ FREDDY', 'CA'),
(2014020739, 'MURILLO RODRIGUEZ JOSE MIGUEL', 'CA'),
(2014035213, 'LARA LAO KEVIN ANDREY', 'CA'),
(2014035491, 'VARGAS ALVAREZ DAVID ALEXIS', 'CA'),
(2014036993, 'MORALES HERRA SHEIRYS', 'E'),
(2014040474, 'SALAS MEJIAS ERWIN GUILLERMO', 'CA'),
(2014040540, 'HERNANDEZ SOTO ADRIAN', 'CA'),
(2014069923, 'MENDEZ MONTOYA MICHAEL ALEXANDER', 'CA'),
(2014070268, 'PEREZ BARQUERO GABRIEL ALEJANDRO', 'CA'),
(2014073021, 'SEGURA CHAVES ANTHONY GABRIEL', 'CA'),
(2014078127, 'JIMENEZ UREÑA LEIVER ADRIAN', 'CA'),
(2014079814, 'RODRIGUEZ RODRIGUEZ ALEXANDER GERA', 'CA'),
(2014080589, 'RUIZ BRAN BRYAN JESUS', 'CA'),
(2014081669, 'SOTO SOTO DARYN GERARDO', 'CA'),
(2014081831, 'MONTERO CARVAJAL DANIEL', 'CA'),
(2014085419, 'CALDERON ESPINOZA ANTHONNY JOSUE', 'CA'),
(2014087954, 'HIDALGO BONILLA JOSE ALBERTO', 'CA'),
(2014088201, 'GUEVARA JIMENEZ KEYLOR JESUS', 'CA'),
(2014089290, 'ALEMAN BARAHONA SERGIO DAVID', 'CA'),
(2014089506, 'RAMIREZ TORRES LUIS JAVIER', 'CA'),
(2014093495, 'ESPINOZA MATAMOROS CESAR ARMANDO', 'PI'),
(2014093746, 'HERNANDEZ PEREZ KEVIN ROBERTO', 'CA'),
(2014096395, 'MORALES ARIAS KIMBERLY YANELA', 'CA'),
(2014104098, 'HERNANDEZ ARGUELLO BRYAN AURELIO', 'CA'),
(2014104630, 'DUARTE VARGAS ALEJANDRO ISAIAS', 'CA'),
(2014107943, 'CRUZ VASQUEZ ELADIO ALBERTO', 'CA'),
(2014108035, 'PEREZ ARAYA LUIS FERNANDO', 'CA'),
(2014120554, 'SABORIO RODRIGUEZ JEISON ANTONIO', 'CA'),
(2014125283, 'VALERIO ACUÑA JOSE FABIO', 'CA'),
(2014126180, 'ACUÑA RODRIGUEZ CRISTIAM ANDREY', 'CA'),
(2014130027, 'CARRERA ARAYA JOSE FELIPE', 'CA'),
(2014133976, 'QUESADA ALPIZAR RAFAEL ANGEL', 'CA'),
(2014147348, 'PEREZ CABEZAS STWARD', 'CA'),
(2014160007, 'GARCIA SALAS ANDRES DE JESUS', 'CA'),
(2014160008, 'SANCHO VARGAS DILANA JASMIN', 'CA'),
(2014160171, 'ROJAS RODRIGUEZ JEANNETTE', 'CA'),
(2014160645, ' ALFARO HARO LUIS ENRIQUE', 'CA'),
(2015007717, 'CHACON SALAS LEIDY MILENA', 'CA'),
(2015007724, 'MENDEZ BRENES ROBERTO CARLOS', 'CA'),
(2015011460, 'ALFARO SIBAJA ANTHONY JOSUE', 'CA'),
(2015011471, 'SEQUEIRA SIU JOHANN CALEB', 'E'),
(2015011507, 'CORRALES JIMENEZ JONATHAN ALBERTO', 'CA'),
(2015015465, 'LEZAMA ORTIZ HEINER ALFREDO', 'E'),
(2015018474, 'MONTANO HERNANDEZ JULIO ADAN', 'CA'),
(2015020260, 'OTOYA CEDEÑO JORGE ALEXANDER', 'CA'),
(2015023073, 'NAVARRO MONGE ROGER ANDREY', 'E'),
(2015023156, 'ESQUIVEL GUTIERREZ BRANDON EDUARDO', 'PI'),
(2015023572, 'BLANCO ESPINOZA ESTEBAN GABRIEL', 'CA'),
(2015025509, 'HERRERA RODRIGUEZ VALERIA', 'CA'),
(2015025596, 'ARGUELLO VARGAS KAROL MILENA', 'PI'),
(2015025979, 'BARRANTES CHEVEZ FRENSY JESUS', 'E'),
(2015026902, 'CASTRO ROMERO DANIEL', 'E'),
(2015026911, 'HERRERA SANCHEZ JACKELINE', 'PI'),
(2015026916, 'ZAMORA RIVERA NATALIA', 'PI'),
(2015026929, 'SALAZAR MELENDEZ ROBERTO', 'CA'),
(2015026965, 'ULATE LOPEZ KARINA ANDREA', 'E'),
(2015027565, 'ROMAN SANABRIA LUIS ANDRES', 'CA'),
(2015027592, 'ACUÑA VEGA DARLING HERMINIA', 'PI'),
(2015027602, 'HERRERA CALVO KATHERINE GRISELLE', 'E'),
(2015027607, 'ESPINOZA CORRALES GUSTAVO ALONSO', 'CA'),
(2015027608, 'PIEDRA LOPEZ LAURA ELENA', 'E'),
(2015027610, 'MURILLO CASTRO EDWARD ANDREY', 'CA'),
(2015027611, 'BOZA SALAS SET FELIPE', 'CA'),
(2015027623, 'VARGAS GOMEZ LUIS DANIEL', 'CA'),
(2015027633, 'JAIME LOPEZ JONATHAN JOSUE', 'E'),
(2015027853, 'BOZA NAVARRETE LILLIANA PATRICIA', 'E'),
(2015027885, 'CAMPOS PARAJELES JULIANA', 'CA'),
(2015027892, 'SIBAJA UGALDE URIEL EDUARDO', 'E'),
(2015027916, 'VARELA RAMIREZ KIMBERLY ROCIO', 'E'),
(2015028221, 'LOPEZ UBAU KEVIN ISMAEL', 'CA'),
(2015031157, 'RUIZ CORELLA GABRIEL ALONSO', 'CA'),
(2015033534, 'ROMERO RODRIGUEZ JURGUEN', 'CA'),
(2015035910, 'GOMEZ CALDERON CAROLINA', 'PI'),
(2015038491, 'MUÑOZ HERNANDEZ ERIC RICARDO', 'E'),
(2015042938, 'HERNANDEZ HERNANDEZ JARED GILBERTO', 'CA'),
(2015042939, 'CHACON MORERA FIORELLA', 'PI'),
(2015042953, 'ROMAN VARGAS EDUARDO FRANCO', 'E'),
(2015046433, 'SALAS ROJAS BRUNO ESTEBAN', 'E'),
(2015053083, 'CALVO PEREZ IVAN FELIPE', 'CA'),
(2015053538, 'ROMERO GONZALEZ KEVIN ANDREY', 'CA'),
(2015054760, 'ARROYO VASQUEZ DAYNA PAMELA', 'E'),
(2015057719, 'LOPEZ VALVERDE JOSSETTE ALEJANDRA', 'E'),
(2015069858, 'SALAS CUBILLO GABRIEL ANDRES', 'E'),
(2015072329, 'MORUA SALAS LUIS CARLOS', 'CA'),
(2015075267, 'CHACON ZAMBRANA JOHN MARTIN', 'E'),
(2015079882, 'SOLANO ARAYA KEVIN ROGELIO', 'E'),
(2015086388, 'CAMPOS VINDAS BRYAN GERARDO', 'CA'),
(2015086456, 'MOREIRA ALVARADO KEILOR ANDREY', 'CA'),
(2015086690, 'ALVAREZ ESQUIVEL KENNETH', 'CA'),
(2015088063, 'CAMPOS GONZALEZ JOAQUIN ANDRES', 'CA'),
(2015090782, 'PINEDA SANCHEZ ESTEBAN', 'CA'),
(2015090869, 'GONZALEZ LOPEZ IRLIN JEANNETTE', 'E'),
(2015092179, 'VEGA ALFARO CARLOS FERNANDO', 'E'),
(2015093869, 'RAMIREZ ARGUEDAS JOSE ALFREDO', 'E'),
(2015093900, 'ARRIETA ALFARO BRAYAN GERARDO', 'CA'),
(2015093909, 'CORDERO BARQUERO RANDY', 'E'),
(2015096776, 'ARCE LEON LUIS ANDRES', 'PI'),
(2015096858, 'ARGUELLO MOLINA MARIA ALEXANDRA', 'PI'),
(2015097731, 'COREA LOPEZ JOSE ANDRES', 'E'),
(2015097766, 'PEREZ HERRERA BIANKA CRISTINA', 'CA'),
(2015098017, 'MURILLO VEGA EDUARDO JOSUE', 'E'),
(2015100497, 'CASTRO CAMBRONERO SEBASTIAN ALONSO', 'CA'),
(2015104111, 'QUIROS ZELEDON ERICK GABRIEL', 'E'),
(2015105446, 'GONZALEZ LEDEZMA JEISSON', 'E'),
(2015105804, 'LOPEZ LI JOSE ANDRES', 'E'),
(2015106483, 'BERMUDEZ MORA JOSE EMILIO', 'CA'),
(2015107073, 'FERNANDEZ CALDERON LUIS ANDRES', 'CA'),
(2015108688, 'TUZ CARRILLO KATHERINE MARIELA', 'CA'),
(2015110373, 'TORRES GUEVARA WILMER ADONAY', 'CA'),
(2015111909, 'GONZALEZ OROZCO MARVIN ANDRE', 'E'),
(2015111921, 'ARAYA MENDEZ JOSE AHIAS', 'E'),
(2015111994, 'ROJAS AMADOR CAROLINA', 'PI'),
(2015112035, 'CARBALLO GOMEZ DAVID JOSE', 'PI'),
(2015113770, 'MARTINEZ BARAHONA MARCO FELIPE', 'CA'),
(2015116726, 'MENDEZ ROJAS MIGUEL ANGEL', 'CA'),
(2015116804, 'VILLALOBOS HIDALGO KEVIN ANDRES', 'E'),
(2015118042, 'RUIZ BRAN JOHANNA', 'CA'),
(2015118888, 'ARCE GONZALEZ JOSUE DAVID', 'CA'),
(2015119383, 'HERNANDEZ MURILLO CESAR ANDRES', 'E'),
(2015119590, 'PEREZ CASCANTE KEVIN ARMANDO', 'CA'),
(2015119744, 'HERRERA RAMIREZ JOSE ANTONIO', 'CA'),
(2015120688, 'ROJAS ROJAS MARIAN DANIELA', 'E'),
(2015121086, 'ARTAVIA MIRANDA KERYN GABRIELA', 'E'),
(2015121877, 'MURILLO BARRIOS CARLOS LUIS', 'CA'),
(2015122047, 'TINOCO SANDOVAL MARIELYS DE JESÚS', 'CA'),
(2015124066, 'VILLAFUERTE DIAZ CARLOS MARIO', 'CA'),
(2015124130, 'VARELA ALFARO PAMELA', 'CA'),
(2015124632, 'SIRIAS VALLADARES MARCO JOSUE', 'CA'),
(2015127718, 'RODRIGUEZ ALVAREZ BRYANTH FRANCISC', 'E'),
(2015127857, 'PEREZ SANCHEZ LENINYER GERARDO', 'E'),
(2015127866, 'MENDEZ ROJAS JOSE MIGUEL', 'E'),
(2015135034, 'MARIN VILLEGAS KEILYN DANIELA', 'PI'),
(2015145253, 'CALVO ELIZONDO JOSE MARIO', 'E'),
(2015145293, 'BLANCO HERNANDEZ LESTER EDUARDO', 'CA'),
(2015145619, 'ARAYA SOLIS EDUARD ANDRES', 'E'),
(2015148586, 'CHAVES RODRIGUEZ JOSE PABLO', 'E'),
(2015172189, 'SOLIS PARAJELES DAGOBERTO', 'CA'),
(2015172810, 'CUBILLO VARGAS IRINA FRANCELLA', 'CA'),
(2015173384, 'VENEGAS MORA RODRIGO ARMANDO', 'E'),
(2015182300, 'OROZCO SIBAJA TIFANNY', 'E'),
(2015183007, 'CALDERON GUILLEN YISLEY', 'E'),
(2015183489, 'BLANCO HERNANDEZ LUIS ANDRES', 'CA'),
(2015183490, 'CESPEDES RODRIGUEZ LUIS CARLOS', 'CA');

-- --------------------------------------------------------

--
-- Estructura de tabla para la tabla `grupos`
--

CREATE TABLE IF NOT EXISTS `grupos` (
  `idGrupo` int(11) NOT NULL AUTO_INCREMENT,
  `codigo` char(7) NOT NULL,
  `grupo` tinyint(4) NOT NULL,
  `bloque` tinyint(4) NOT NULL,
  `codCarrera` varchar(3) NOT NULL,
  `guia` varchar(6) NOT NULL,
  PRIMARY KEY (`idGrupo`),
  UNIQUE KEY `codigo` (`codigo`,`grupo`,`guia`),
  KEY `FK_codigo_grupos` (`codigo`),
  KEY `codCarrera` (`codCarrera`)
) ENGINE=InnoDB  DEFAULT CHARSET=utf8 AUTO_INCREMENT=1751 ;

--
-- Volcado de datos para la tabla `grupos`
--

INSERT INTO `grupos` (`idGrupo`, `codigo`, `grupo`, `bloque`, `codCarrera`, `guia`) VALUES
(13, 'CA2125', 50, 0, 'CA', '2015-2'),
(14, 'CA2125', 51, 0, 'CA', '2015-2'),
(15, 'IC1400', 50, 0, 'CA', '2015-2'),
(16, 'IC1802', 50, 0, 'CA', '2015-2'),
(17, 'IC1803', 50, 0, 'CA', '2015-2'),
(18, 'IC2001', 50, 0, 'CA', '2015-2'),
(19, 'IC2001', 51, 0, 'CA', '2015-2'),
(20, 'IC2101', 50, 0, 'CA', '2015-2'),
(21, 'IC2101', 51, 0, 'CA', '2015-2'),
(22, 'IC2101', 52, 0, 'CA', '2015-2'),
(23, 'IC3002', 50, 0, 'CA', '2015-2'),
(24, 'IC3101', 50, 0, 'CA', '2015-2'),
(25, 'IC3101', 51, 0, 'CA', '2015-2'),
(26, 'IC3101', 52, 0, 'CA', '2015-2'),
(27, 'IC4301', 50, 0, 'CA', '2015-2'),
(28, 'IC4302', 50, 0, 'CA', '2015-2'),
(29, 'IC4700', 50, 0, 'CA', '2015-2'),
(30, 'IC4810', 50, 0, 'CA', '2015-2'),
(31, 'IC5821', 51, 0, 'CA', '2015-2'),
(32, 'IC6200', 50, 0, 'CA', '2015-2'),
(33, 'IC6400', 50, 0, 'CA', '2015-2'),
(34, 'IC6400', 51, 0, 'CA', '2015-2'),
(35, 'IC6600', 50, 0, 'CA', '2015-2'),
(36, 'IC6831', 50, 0, 'CA', '2015-2'),
(37, 'IC6831', 51, 0, 'CA', '2015-2'),
(38, 'IC7841', 50, 0, 'CA', '2015-2'),
(39, 'IC7900', 50, 0, 'CA', '2015-2'),
(40, 'IC8016', 50, 0, 'CA', '2015-2'),
(41, 'IC8041', 50, 0, 'CA', '2015-2'),
(42, 'IC8841', 50, 0, 'CA', '2015-2'),
(43, 'IC8842', 50, 0, 'CA', '2015-2'),
(1001, 'CA2125', 50, 2, 'PI ', '2015-1'),
(1002, 'CA2125', 51, 2, 'PI ', '2015-1'),
(1003, 'CA3125', 50, 3, 'E  ', '2015-1'),
(1004, 'CA3125', 51, 3, 'E  ', '2015-1'),
(1005, 'IC1400', 50, 1, 'CA ', '2015-1'),
(1006, 'IC1400', 51, 1, 'CA ', '2015-1'),
(1007, 'IC1400', 52, 1, 'CA ', '2015-1'),
(1008, 'IC1802', 50, 1, 'CA ', '2015-1'),
(1009, 'IC1802', 51, 1, 'CA ', '2015-1'),
(1010, 'IC1803', 50, 1, 'CA ', '2015-1'),
(1011, 'IC1803', 51, 1, 'CA ', '2015-1'),
(1012, 'IC2001', 50, 2, 'CA ', '2015-1'),
(1013, 'IC2001', 51, 2, 'CA ', '2015-1'),
(1014, 'IC2101', 50, 2, 'CA ', '2015-1'),
(1015, 'IC2101', 51, 2, 'CA ', '2015-1'),
(1016, 'IC3002', 50, 3, 'CA ', '2015-1'),
(1017, 'IC3101', 50, 2, 'CA ', '2015-1'),
(1018, 'IC3101', 51, 2, 'CA ', '2015-1'),
(1019, 'IC4301', 50, 3, 'CA ', '2015-1'),
(1020, 'IC4810', 50, 5, 'CA ', '2015-1'),
(1021, 'IC5701', 50, 5, 'CA ', '2015-1'),
(1023, 'IC5821', 50, 4, 'CA ', '2015-1'),
(1024, 'IC6200', 50, 7, 'CA ', '2015-1'),
(1025, 'IC6600', 50, 6, 'CA ', '2015-1'),
(1026, 'IC6821', 50, 5, 'CA ', '2015-1'),
(1027, 'IC7602', 50, 7, 'CA ', '2015-1'),
(1028, 'IC7841', 50, 7, 'CA ', '2015-1'),
(1029, 'IC8842', 50, 8, 'CA ', '2015-1'),
(1030, 'IC4002', 50, 7, 'CA ', '2015-1'),
(1046, 'CI1311', 50, 1, 'CA ', '2015-1'),
(1047, 'CI1312', 50, 2, 'CA ', '2015-1'),
(1048, 'CI1313', 50, 3, 'CA ', '2015-1'),
(1049, 'CI1314', 50, 4, 'CA ', '2015-1'),
(1050, 'CI1403', 50, 1, 'CA ', '2015-1'),
(1051, 'CI1403', 51, 1, 'CA ', '2015-1'),
(1052, 'CS2101', 51, 3, 'CA ', '2015-1'),
(1053, 'CS4402', 50, 6, 'CA ', '2015-1'),
(1054, 'CS4402', 51, 6, 'CA ', '2015-1'),
(1055, 'MA0101', 50, 1, 'CA ', '2015-1'),
(1056, 'MA0101', 51, 1, 'CA ', '2015-1'),
(1057, 'MA1403', 50, 1, 'CA ', '2015-1'),
(1058, 'MA1403', 51, 1, 'CA ', '2015-1'),
(1060, 'MA3405', 50, 5, 'CA ', '2015-1'),
(1061, 'MA3405', 51, 5, 'CA ', '2015-1'),
(1062, 'BI1101', 50, 1, 'AG ', '2015-1'),
(1064, 'BI1101', 51, 1, 'AG ', '2015-1'),
(1066, 'BI1102', 50, 1, 'AG ', '2015-1'),
(1067, 'BI1102', 51, 1, 'AG ', '2015-1'),
(1068, 'BI1102', 52, 1, 'AG ', '2015-1'),
(1069, 'CI0202', 51, 1, 'PI ', '2015-1'),
(1070, 'CI0202', 52, 1, 'AE ', '2015-1'),
(1071, 'CI0202', 53, 1, 'CA ', '2015-1'),
(1075, 'CI1106', 50, 1, 'AE ', '2015-1'),
(1076, 'CI1106', 51, 1, 'AG ', '2015-1'),
(1077, 'CI1106', 52, 1, 'PI ', '2015-1'),
(1078, 'CI1106', 53, 1, 'E  ', '2015-1'),
(1082, 'CI1305', 50, 1, 'AE ', '2015-1'),
(1083, 'CI1306', 50, 2, 'AE ', '2015-1'),
(1084, 'CI1307', 50, 3, 'AG ', '2015-1'),
(1085, 'CI2307', 50, 3, 'AE ', '2015-1'),
(1086, 'CI3309', 50, 5, 'AE ', '2015-1'),
(1087, 'CI4312', 50, 7, 'AE ', '2015-1'),
(1088, 'CS1308', 50, 1, 'AE ', '2015-1'),
(1089, 'CS1502', 50, 1, 'AG ', '2015-1'),
(1090, 'CS1502', 52, 1, 'PI ', '2015-1'),
(1091, 'CS1502', 53, 1, 'E  ', '2015-1'),
(1092, 'CS2101', 50, 3, 'PI ', '2015-1'),
(1093, 'CS2101', 52, 3, 'E  ', '2015-1'),
(1094, 'CS3404', 50, 5, 'PI ', '2015-1'),
(1095, 'CS3404', 51, 5, 'E  ', '2015-1'),
(1096, 'FI1101', 50, 3, 'AG ', '2015-1'),
(1097, 'FI1102', 50, 3, 'PI ', '2015-1'),
(1098, 'FI1102', 51, 3, 'E  ', '2015-1'),
(1099, 'FI1201', 50, 3, 'AG ', '2015-1'),
(1100, 'FI1201', 51, 3, 'AG ', '2015-1'),
(1101, 'FI1202', 50, 3, 'PI ', '2015-1'),
(1102, 'FI1202', 51, 3, 'PI ', '2015-1'),
(1103, 'FI1202', 52, 3, 'E  ', '2015-1'),
(1104, 'FI1202', 53, 3, 'E  ', '2015-1'),
(1105, 'MA0101', 52, 1, 'AG ', '2015-1'),
(1106, 'MA0101', 53, 1, 'PI ', '2015-1'),
(1107, 'MA0101', 54, 1, 'E  ', '2015-1'),
(1108, 'MA1301', 50, 1, 'AE ', '2015-1'),
(1110, 'MA2105', 50, 5, 'E  ', '2015-1'),
(1111, 'QU1102', 50, 1, 'AG ', '2015-1'),
(1112, 'QU1102', 51, 1, 'AG ', '2015-1'),
(1113, 'QU1102', 52, 1, 'PI ', '2015-1'),
(1114, 'QU1102', 53, 1, 'PI ', '2015-1'),
(1115, 'QU1102', 54, 1, 'E  ', '2015-1'),
(1116, 'QU1102', 55, 1, 'E  ', '2015-1'),
(1117, 'QU1106', 50, 1, 'AG ', '2015-1'),
(1118, 'QU1106', 51, 1, 'PI ', '2015-1'),
(1119, 'QU1106', 52, 1, 'E  ', '2015-1'),
(1120, 'PI3308', 50, 5, 'PI ', '2015-1'),
(1122, 'PI3308', 51, 5, 'PI ', '2015-1'),
(1123, 'PI3407', 50, 5, 'PI ', '2015-1'),
(1124, 'PI3407', 51, 5, 'PI ', '2015-1'),
(1125, 'PI3502', 50, 3, 'PI ', '2015-1'),
(1126, 'PI3502', 51, 3, 'PI ', '2015-1'),
(1127, 'PI3611', 50, 5, 'PI ', '2015-1'),
(1129, 'PI4303', 50, 7, 'PI ', '2015-1'),
(1130, 'PI4306', 50, 7, 'PI ', '2015-1'),
(1131, 'PI4307', 50, 7, 'PI ', '2015-1'),
(1132, 'PI4309', 50, 7, 'PI ', '2015-1'),
(1133, 'PI4505', 50, 7, 'PI ', '2015-1'),
(1134, 'EL2107', 50, 3, 'E  ', '2015-1'),
(1136, 'EL2108', 50, 4, 'E  ', '2015-1'),
(1137, 'EL2113', 50, 3, 'E  ', '2015-1'),
(1138, 'EL2114', 50, 4, 'E  ', '2015-1'),
(1141, 'EL3205', 50, 5, 'E  ', '2015-1'),
(1142, 'EL3212', 50, 5, 'E  ', '2015-1'),
(1143, 'EL3307', 50, 5, 'E  ', '2015-1'),
(1144, 'EL3308', 50, 5, 'E  ', '2015-1'),
(1145, 'AE1122', 50, 1, 'AE ', '2015-1'),
(1146, 'AE1217', 50, 1, 'AE ', '2015-1'),
(1147, 'AE2124', 50, 3, 'AE ', '2015-1'),
(1148, 'AE2219', 50, 3, 'AE ', '2015-1'),
(1150, 'AE2308', 50, 3, 'AE ', '2015-1'),
(1151, 'AE2505', 50, 3, 'AE ', '2015-1'),
(1152, 'AE2703', 50, 3, 'AE ', '2015-1'),
(1153, 'AE2703', 51, 3, 'AE ', '2015-1'),
(1155, 'AE3127', 51, 5, 'AE ', '2015-1'),
(1156, 'AE3312', 50, 5, 'AE ', '2015-1'),
(1157, 'AE3411', 50, 5, 'AE ', '2015-1'),
(1158, 'AE3505', 50, 5, 'AE ', '2015-1'),
(1159, 'AE4128', 50, 7, 'AE ', '2015-1'),
(1160, 'AE4130', 50, 7, 'AE ', '2015-1'),
(1161, 'AE4223', 50, 7, 'AE ', '2015-1'),
(1162, 'AE4226', 50, 7, 'AE ', '2015-1'),
(1163, 'CI0202', 50, 1, 'E  ', '2015-1'),
(1164, 'BI3409', 50, 1, 'TR ', '2015-1'),
(1165, 'CI1106', 55, 1, 'TR ', '2015-1'),
(1166, 'CI1107', 50, 2, 'TR ', '2015-1'),
(1167, 'CI1230', 50, 1, 'CL ', '2015-1'),
(1168, 'CI1230', 51, 1, 'CL ', '2015-1'),
(1169, 'CI1231', 50, 2, 'CL ', '2015-1'),
(1170, 'CI1231', 51, 2, 'CL ', '2015-1'),
(1171, 'CS1502', 51, 1, 'TR ', '2015-1'),
(1172, 'CS2101', 53, 3, 'TR ', '2015-1'),
(1173, 'CS3102', 50, 7, 'AG ', '2015-1'),
(1174, 'CS3401', 50, 3, 'TR ', '2015-1'),
(1175, 'CS3401', 51, 3, 'TR ', '2015-1'),
(1176, 'FI1101', 51, 2, 'CL ', '2015-1'),
(1178, 'MA0101', 55, 1, 'CL ', '2015-1'),
(1179, 'MA1103', 50, 3, 'CL ', '2015-1'),
(1182, 'QU1102', 56, 1, 'CL ', '2015-1'),
(1183, 'QU1104', 50, 2, 'CL ', '2015-1'),
(1184, 'QU1104', 51, 2, 'CL ', '2015-1'),
(1185, 'QU1106', 53, 1, 'CL ', '2015-1'),
(1186, 'QU1107', 50, 2, 'CL ', '2015-1'),
(1187, 'QU1107', 51, 2, 'CL ', '2015-1'),
(1188, 'QU2402', 50, 3, 'AG ', '2015-1'),
(1189, 'QU2402', 51, 3, 'AG ', '2015-1'),
(1190, 'QU2407', 50, 3, 'AG ', '2015-1'),
(1191, 'QU4401', 50, 7, 'AG ', '2015-1'),
(1192, 'AG1001', 50, 1, 'AG ', '2015-1'),
(1193, 'AG1001', 51, 1, 'AG ', '2015-1'),
(1194, 'AG1001', 52, 1, 'AG ', '2015-1'),
(1195, 'AG1002', 50, 3, 'AG ', '2015-1'),
(1196, 'AG1002', 51, 3, 'AG ', '2015-1'),
(1197, 'AG1002', 52, 3, 'AG ', '2015-1'),
(1198, 'AG2102', 50, 5, 'AG ', '2015-1'),
(1199, 'AG2304', 50, 3, 'AG ', '2015-1'),
(1200, 'AG2701', 50, 3, 'AG ', '2015-1'),
(1201, 'AG3106', 50, 5, 'AG ', '2015-1'),
(1202, 'AG3219', 50, 5, 'AG ', '2015-1'),
(1203, 'AG3219', 51, 5, 'AG ', '2015-1'),
(1204, 'AG3220', 50, 5, 'AG ', '2015-1'),
(1205, 'AG3220', 51, 5, 'AG ', '2015-1'),
(1206, 'AG3221', 50, 5, 'AG ', '2015-1'),
(1207, 'AG3221', 51, 5, 'AG ', '2015-1'),
(1208, 'AG3222', 50, 5, 'AG ', '2015-1'),
(1209, 'AG3306', 50, 1, 'AG ', '2015-1'),
(1210, 'AG3306', 51, 1, 'AG ', '2015-1'),
(1211, 'AG3405', 50, 6, 'AG ', '2015-1'),
(1212, 'AG4700', 50, 7, 'AG ', '2015-1'),
(1213, 'AG4701', 50, 7, 'AG ', '2015-1'),
(1214, 'AG4701', 51, 7, 'AG ', '2015-1'),
(1215, 'AG4702', 50, 7, 'AG ', '2015-1'),
(1216, 'AG5221', 50, 9, 'AG ', '2015-1'),
(1217, 'AG5222', 50, 9, 'AG ', '2015-1'),
(1218, 'AG5405', 50, 9, 'AG ', '2015-1'),
(1219, 'AG5507', 50, 10, 'AG ', '2015-1'),
(1220, 'AG5700', 50, 9, 'AG ', '2015-1'),
(1221, 'AG5701', 50, 9, 'AG ', '2015-1'),
(1222, 'AG5701', 51, 9, 'AG ', '2015-1'),
(1223, 'AE4208', 50, 1, 'TR ', '2015-1'),
(1225, 'AE4602', 50, 8, 'AE ', '2015-1'),
(1226, 'TR3133', 50, 1, 'TR ', '2015-1'),
(1227, 'TR3211', 50, 2, 'TR ', '2015-1'),
(1228, 'TR3232', 50, 2, 'TR ', '2015-1'),
(1229, 'TR3235', 50, 2, 'TR ', '2015-1'),
(1230, 'TR4231', 50, 4, 'TR ', '2015-1'),
(1232, 'TR4241', 50, 4, 'TR ', '2015-1'),
(1233, 'CI1106', 54, 1, 'CL ', '2015-1'),
(1234, 'FI1201', 52, 2, 'CL ', '2015-1'),
(1235, 'MA1102', 50, 2, 'CL ', '2015-1'),
(1238, 'PI3611', 51, 5, 'PI ', '2015-1'),
(1239, 'EL2107', 51, 3, 'E  ', '2015-1'),
(1240, 'EL2207', 50, 4, 'E  ', '2015-1'),
(1241, 'EL2206', 50, 4, 'E  ', '2015-1'),
(1245, 'AE3127', 52, 3, 'AE ', '2015-1'),
(1248, 'AE4208', 51, 7, 'CA ', '2015-1'),
(1249, 'IC8841', 50, 8, 'CA ', '2015-1'),
(1250, 'AG2201', 50, 4, 'AG ', '2015-1'),
(1252, 'CS4402', 52, 7, 'AE ', '2015-1'),
(1253, 'MA1102', 51, 2, 'AG ', '2015-1'),
(1254, 'MA2405', 50, 3, 'CA ', '2015-1'),
(1257, 'AE2220', 50, 5, 'AE ', '2015-1'),
(1258, 'BI2301', 50, 4, 'AG ', '2015-1'),
(1259, 'BI2303', 50, 4, 'AG ', '2015-1'),
(1260, 'BI2303', 51, 4, 'AG ', '2015-1'),
(1261, 'CS2303', 50, 4, 'PI ', '2015-1'),
(1264, 'FI1201', 53, 3, 'CL ', '2015-1'),
(1265, 'FI2104', 50, 5, 'E  ', '2015-1'),
(1268, 'MA1404', 50, 2, 'CA ', '2015-1'),
(1269, 'MA2105', 51, 5, 'E  ', '2015-1'),
(1271, 'AE3127', 50, 2, 'TR ', '2015-1'),
(1272, 'AG3004', 50, 6, 'AG ', '2015-1'),
(1273, 'AG3006', 50, 9, 'AG ', '2015-1'),
(1274, 'AG3011', 50, 7, 'AG ', '2015-1'),
(1275, 'MI2101', 50, 1, 'PI ', '2015-1'),
(1276, 'MI2101', 51, 1, 'PI ', '2015-1'),
(1277, 'MI2101', 52, 1, 'E  ', '2015-1'),
(1278, 'MI2101', 53, 1, 'E  ', '2015-1'),
(1279, 'MI3138', 50, 5, 'PI ', '2015-1'),
(1280, 'SE1103', 50, 1, 'DVE', '2015-1'),
(1281, 'SE1101', 50, 1, 'DVE', '2015-1'),
(1282, 'SE1103', 51, 1, 'DVE', '2015-1'),
(1283, 'SE1105', 50, 1, 'DVE', '2015-1'),
(1284, 'SE1105', 51, 1, 'DVE', '2015-1'),
(1285, 'SE1105', 52, 1, 'DVE', '2015-1'),
(1286, 'SE1107', 50, 1, 'DVE', '2015-1'),
(1287, 'SE1107', 51, 1, 'DVE', '2015-1'),
(1288, 'SE1111', 50, 1, 'DVE', '2015-1'),
(1289, 'SE1204', 50, 1, 'DVE', '2015-1'),
(1290, 'SE1204', 51, 1, 'DVE', '2015-1'),
(1291, 'SE1204', 52, 1, 'DVE', '2015-1'),
(1292, 'SE1205', 50, 1, 'DVE', '2015-1'),
(1293, 'SE1206', 50, 1, 'DVE', '2015-1'),
(1294, 'SE1220', 50, 1, 'DVE', '2015-1'),
(1295, 'SE1222', 50, 1, 'DVE', '2015-1'),
(1296, 'SE1222', 51, 1, 'DVE', '2015-1'),
(1297, 'SE1223', 50, 1, 'DVE', '2015-1'),
(1308, 'EL2108', 50, 4, 'E  ', '2015-2'),
(1309, 'EL2107', 50, 3, 'E  ', '2015-2'),
(1310, 'EL2113', 50, 3, 'E  ', '2015-2'),
(1311, 'EL2114', 50, 4, 'E  ', '2015-2'),
(1312, 'EL2206', 50, 4, 'E  ', '2015-2'),
(1313, 'EL2207', 50, 4, 'E  ', '2015-2'),
(1314, 'EL3205', 50, 5, 'E  ', '2015-2'),
(1315, 'EL3212', 50, 5, 'E  ', '2015-2'),
(1316, 'EL3307', 50, 5, 'E  ', '2015-2'),
(1317, 'EL3308', 50, 5, 'E  ', '2015-2'),
(1318, 'PI2304', 50, 4, 'PI ', '2015-2'),
(1319, 'EL3111', 50, 6, 'E  ', '2015-2'),
(1321, 'EL3213', 50, 6, 'E  ', '2015-2'),
(1322, 'EL3214', 50, 6, 'E  ', '2015-2'),
(1323, 'EL3310', 50, 6, 'E  ', '2015-2'),
(1324, 'EL3312', 50, 6, 'E  ', '2015-2'),
(1325, 'AE1123', 50, 2, 'AE ', '2015-2'),
(1326, 'AE1218', 50, 2, 'AE ', '2015-2'),
(1327, 'AE2125', 50, 2, 'AE ', '2015-2'),
(1328, 'AE2311', 50, 4, 'AE ', '2015-2'),
(1332, 'AE2704', 50, 4, 'AE ', '2015-2'),
(1335, 'AE2704', 51, 4, 'AE ', '2015-2'),
(1338, 'AE3127', 50, 5, 'AE ', '2015-2'),
(1341, 'AE3128', 50, 6, 'AE ', '2015-2'),
(1342, 'AE3128', 51, 6, 'AE ', '2015-2'),
(1344, 'AE4223', 50, 6, 'AE ', '2015-2'),
(1346, 'AE3413', 50, 6, 'AE ', '2015-2'),
(1347, 'AE3506', 50, 6, 'AE ', '2015-2'),
(1367, 'AE4130', 50, 7, 'AE ', '2015-2'),
(1371, 'AE2126', 50, 4, 'AE ', '2015-2'),
(1372, 'AE2506', 50, 4, 'AE ', '2015-2'),
(1387, 'CI0202', 50, 1, 'EI ', '2015-2'),
(1388, 'CI1311', 50, 1, 'CA ', '2015-2'),
(1389, 'CI1312', 50, 2, 'CA ', '2015-2'),
(1395, 'CI1313', 50, 3, 'CA ', '2015-2'),
(1396, 'CI1314', 50, 4, 'CA ', '2015-2'),
(1397, 'CS2101', 50, 3, 'EI ', '2015-2'),
(1398, 'CS2101', 51, 3, 'EI ', '2015-2'),
(1399, 'CS2101', 52, 3, 'EI ', '2015-2'),
(1400, 'CS3401', 50, 4, 'EI ', '2015-2'),
(1401, 'CS3401', 51, 5, 'EI ', '2015-2'),
(1402, 'CS4402', 50, 6, 'EI ', '2015-2'),
(1405, 'CS4402', 51, 6, 'EI ', '2015-2'),
(1407, 'MA0101', 50, 1, 'EC ', '2015-2'),
(1408, 'MA0101', 51, 1, 'EC ', '2015-2'),
(1409, 'MA0101', 52, 1, 'EC ', '2015-2'),
(1410, 'MA1404', 50, 2, 'CA ', '2015-2'),
(1411, 'MA2404', 50, 4, 'CA ', '2015-2'),
(1414, 'IC1802', 50, 1, 'CA ', '2016-1'),
(1415, 'CA2125', 50, 3, 'PI ', '2016-1'),
(1416, 'CA2125', 51, 3, 'PI ', '2016-1'),
(1417, 'CA3125', 50, 3, 'E  ', '2016-1'),
(1418, 'CA3125', 51, 3, 'E  ', '2016-1'),
(1419, 'IC1400', 50, 1, 'CA ', '2016-1'),
(1420, 'IC1400', 51, 1, 'CA ', '2016-1'),
(1421, 'IC1802', 51, 1, 'CA ', '2016-1'),
(1422, 'IC1803', 50, 1, 'CA ', '2016-1'),
(1423, 'IC1803', 51, 1, 'CA ', '2016-1'),
(1425, 'IC2101', 50, 2, 'CA ', '2016-1'),
(1426, 'IC3002', 50, 3, 'CA ', '2016-1'),
(1427, 'IC3101', 50, 2, 'CA ', '2016-1'),
(1428, 'IC3101', 51, 2, 'CA ', '2016-1'),
(1429, 'IC4301', 50, 3, 'CA ', '2016-1'),
(1430, 'IC4302', 50, 4, 'CA ', '2016-1'),
(1431, 'IC4700', 50, 4, 'CA ', '2016-1'),
(1432, 'IC4810', 50, 5, 'CA ', '2016-1'),
(1433, 'IC5701', 50, 5, 'CA ', '2016-1'),
(1434, 'IC5821', 50, 4, 'CA ', '2016-1'),
(1435, 'IC6200', 50, 7, 'CA ', '2016-1'),
(1436, 'IC6821', 50, 5, 'CA ', '2016-1'),
(1437, 'IC7602', 50, 7, 'CA ', '2016-1'),
(1438, 'IC7841', 50, 7, 'CA ', '2016-1'),
(1442, 'AE1122', 50, 1, 'AE ', '2016-1'),
(1443, 'AE1217', 50, 1, 'AE ', '2016-1'),
(1444, 'AE2124', 50, 3, 'AE ', '2016-1'),
(1445, 'AE2219', 50, 3, 'AE ', '2016-1'),
(1447, 'AE2220', 50, 5, 'AE ', '2016-1'),
(1448, 'AE2308', 50, 3, 'AE ', '2016-1'),
(1449, 'AE2505', 50, 3, 'AE ', '2016-1'),
(1450, 'AE2703', 51, 3, 'AE ', '2016-1'),
(1451, 'AE2703', 50, 3, 'AE ', '2016-1'),
(1453, 'AE3312', 50, 5, 'AE ', '2016-1'),
(1454, 'AE3411', 50, 5, 'AE ', '2016-1'),
(1455, 'AE3411', 51, 5, 'AE ', '2016-1'),
(1457, 'AE3505', 50, 5, 'AE ', '2016-1'),
(1458, 'AE4128', 50, 7, 'AE ', '2016-1'),
(1460, 'AE4130', 50, 7, 'AE ', '2016-1'),
(1462, 'AE4208', 50, 1, 'TR ', '2016-1'),
(1463, 'AE4208', 51, 7, 'CA', '2016-1'),
(1464, 'AE4208', 52, 7, 'E', '2016-1'),
(1465, 'AE4226', 50, 7, 'AE ', '2016-1'),
(1466, 'AE4228', 50, 7, 'AE ', '2016-1'),
(1467, 'AE4602', 50, 8, 'AE ', '2016-1'),
(1468, 'AG1001', 50, 1, 'AG ', '2016-1'),
(1469, 'AG1001', 51, 1, 'AG ', '2016-1'),
(1470, 'AG1001', 52, 1, 'AG ', '2016-1'),
(1471, 'AG3306', 50, 1, 'AG ', '2016-1'),
(1472, 'AG3306', 51, 1, 'AG ', '2016-1'),
(1474, 'AG3306', 52, 1, 'AG ', '2016-1'),
(1475, 'AG1002', 50, 3, 'AG ', '2016-1'),
(1476, 'AG1002', 52, 3, 'AG ', '2016-1'),
(1477, 'AG2304', 50, 3, 'AG ', '2016-1'),
(1478, 'AG2304', 51, 3, 'AG ', '2016-1'),
(1479, 'AG2304', 52, 3, 'AG ', '2016-1'),
(1480, 'AG2701', 50, 3, 'AG ', '2016-1'),
(1481, 'AG2701', 51, 3, 'AG ', '2016-1'),
(1482, 'AG2102', 50, 5, 'AG ', '2016-1'),
(1484, 'AG2102', 51, 5, 'AG ', '2016-1'),
(1489, 'AE3127', 50, 5, 'AE', '2016-1'),
(1491, 'AE4130', 51, 3, 'TR', '2016-1'),
(1492, 'AG3106', 50, 5, 'AG ', '2016-1'),
(1493, 'AG3106', 51, 5, 'AG ', '2016-1'),
(1494, 'AG3219', 50, 5, 'AG ', '2016-1'),
(1495, 'AG3219', 51, 5, 'AG ', '2016-1'),
(1496, 'AG3219', 52, 5, 'AG ', '2016-1'),
(1497, 'AG3220', 51, 5, 'AG ', '2016-1'),
(1498, 'AG3220', 50, 5, 'AG ', '2016-1'),
(1500, 'AG3221', 51, 5, 'AG ', '2016-1'),
(1501, 'AG3221', 50, 5, 'AG ', '2016-1'),
(1502, 'AG3222', 50, 5, 'AG ', '2016-1'),
(1503, 'AG3222', 51, 5, 'AG ', '2016-1'),
(1504, 'AG4700', 50, 7, 'AG ', '2016-1'),
(1505, 'AG4700', 51, 7, 'AG ', '2016-1'),
(1506, 'AG4700', 52, 7, 'AG ', '2016-1'),
(1507, 'AG4701', 51, 7, 'AG ', '2016-1'),
(1508, 'AG4701', 50, 7, 'AG ', '2016-1'),
(1509, 'AG4701', 52, 7, 'AG ', '2016-1'),
(1510, 'AG4702', 50, 7, 'AG ', '2016-1'),
(1511, 'AG5221', 50, 9, 'AG ', '2016-1'),
(1512, 'AG5222', 50, 9, 'AG ', '2016-1'),
(1513, 'AG5405', 50, 9, 'AG ', '2016-1'),
(1514, 'AG5700', 50, 9, 'AG ', '2016-1'),
(1515, 'AG5700', 51, 9, 'AG ', '2016-1'),
(1516, 'AG5701', 51, 9, 'AG ', '2016-1'),
(1517, 'AG5701', 50, 9, 'AG ', '2016-1'),
(1518, 'AG5701', 52, 9, 'AG ', '2016-1'),
(1519, 'AG4405', 50, 8, 'AG ', '2016-1'),
(1520, 'AG5507', 50, 10, 'AG ', '2016-1'),
(1521, 'TR3133', 50, 1, 'TR ', '2016-1'),
(1522, 'TR4231', 50, 4, 'TR ', '2016-1'),
(1525, 'TR4133', 50, 3, 'TR', '2016-1'),
(1526, 'TR4232', 50, 4, 'TR ', '2016-1'),
(1527, 'TR4233', 50, 4, 'TR ', '2016-1'),
(1528, 'TR4241', 50, 4, 'TR ', '2016-1'),
(1529, 'PI3502', 50, 3, 'PI ', '2016-1'),
(1530, 'PI3502', 51, 3, 'PI ', '2016-1'),
(1531, 'PI3611', 51, 5, 'PI ', '2016-1'),
(1532, 'PI3611', 50, 5, 'PI ', '2016-1'),
(1533, 'PI3308', 50, 5, 'PI ', '2016-1'),
(1534, 'PI3407', 51, 5, 'PI ', '2016-1'),
(1535, 'PI3407', 50, 5, 'PI ', '2016-1'),
(1536, 'PI4303', 50, 7, 'PI ', '2016-1'),
(1537, 'PI4306', 50, 7, 'PI ', '2016-1'),
(1538, 'PI4306', 51, 7, 'PI ', '2016-1'),
(1539, 'PI4307', 50, 7, 'PI ', '2016-1'),
(1540, 'PI4307', 51, 7, 'PI ', '2016-1'),
(1541, 'PI4309', 50, 7, 'PI ', '2016-1'),
(1542, 'PI4309', 51, 7, 'PI ', '2016-1'),
(1543, 'PI4505', 50, 7, 'PI ', '2016-1'),
(1544, 'PI4505', 51, 7, 'PI ', '2016-1'),
(1546, 'PI5302', 50, 9, 'PI', '2016-1'),
(1547, 'PI5401', 50, 9, 'PI', '2016-1'),
(1548, 'PI5402', 50, 9, 'PI', '2016-1'),
(1549, 'PI5402', 51, 9, 'PI', '2016-1'),
(1550, 'PI5601', 50, 9, 'PI', '2016-1'),
(1553, 'IC2001', 50, 2, 'CA ', '2016-1'),
(1554, 'SE1110', 50, 1, 'DVE', '2016-1'),
(1555, 'SE1204', 50, 1, 'DVE', '2016-1'),
(1556, 'SE1110', 51, 1, 'DVE', '2016-1'),
(1557, 'SE1110', 52, 1, 'DVE', '2016-1'),
(1559, 'SE1204', 51, 1, 'DVE', '2016-1'),
(1560, 'SE1105', 52, 1, 'DVE', '2016-1'),
(1562, 'SE1205', 51, 1, 'DVE', '2015-1'),
(1563, 'SE1222', 51, 1, 'DVE', '2016-1'),
(1565, 'SE1101', 50, 1, 'DVE', '2016-1'),
(1566, 'SE1101', 51, 1, 'DVE', '2016-1'),
(1567, 'SE1101', 52, 1, 'DVE', '2016-1'),
(1568, 'SE1206', 50, 3, 'DVE', '2016-1'),
(1570, 'SE1105', 51, 1, 'DVE', '2016-1'),
(1571, 'SE1105', 50, 1, 'DVE', '2016-1'),
(1572, 'SE1205', 50, 1, 'DVE', '2016-1'),
(1575, 'SE1220', 50, 1, 'DVE', '2016-1'),
(1576, 'SE1223', 50, 1, 'DVE', '2016-1'),
(1577, 'SE1222', 50, 3, 'DVE', '2016-1'),
(1579, 'BI1101', 51, 1, 'AG ', '2016-1'),
(1580, 'BI1102', 50, 1, 'AG ', '2016-1'),
(1583, 'BI3409', 50, 1, 'TR ', '2016-1'),
(1584, 'FI1101', 50, 3, 'AG ', '2016-1'),
(1585, 'FI1101', 51, 3, 'AG ', '2016-1'),
(1586, 'FI1101', 52, 3, 'AG ', '2016-1'),
(1587, 'FI1101', 53, 3, 'AG ', '2016-1'),
(1588, 'FI1101', 54, 3, 'AG ', '2016-1'),
(1589, 'FI1101', 55, 3, 'AG ', '2016-1'),
(1592, 'FI1201', 50, 3, 'AG ', '2016-1'),
(1593, 'MA0101', 50, 1, 'AG', '2016-1'),
(1594, 'MA0101', 51, 1, 'PI', '2016-1'),
(1595, 'MA0101', 52, 1, 'E', '2016-1'),
(1596, 'MA0101', 53, 1, 'CA ', '2016-1'),
(1597, 'MA0101', 54, 1, 'EC', '2016-1'),
(1599, 'MA0101', 56, 1, 'CA ', '2016-1'),
(1600, 'MA1102', 50, 2, 'EC', '2016-1'),
(1601, 'MA1102', 51, 2, 'EC', '2016-1'),
(1602, 'MA1102', 52, 2, 'EC', '2016-1'),
(1603, 'MA1103', 50, 3, 'EC', '2016-1'),
(1604, 'MA1103', 51, 3, 'EC', '2016-1'),
(1606, 'MA1103', 52, 3, 'EC', '2016-1'),
(1607, 'MA1103', 53, 3, 'EC', '2016-1'),
(1608, 'MA1301', 50, 1, 'EC', '2016-1'),
(1609, 'MA1403', 50, 1, 'CA ', '2016-1'),
(1610, 'MA1403', 51, 1, 'CA ', '2016-1'),
(1614, 'MA1404', 50, 2, 'CA ', '2016-1'),
(1615, 'MA2105', 51, 5, 'EC', '2016-1'),
(1616, 'MA2105', 52, 5, 'E  ', '2016-1'),
(1617, 'MA2405', 50, 3, 'CA ', '2016-1'),
(1618, 'MA3405', 50, 5, 'CA ', '2016-1'),
(1619, 'QU1102', 50, 1, 'EC', '2016-1'),
(1620, 'QU1102', 51, 1, 'EC', '2016-1'),
(1621, 'QU1102', 52, 1, 'EC', '2016-1'),
(1622, 'QU1102', 53, 1, 'EC', '2016-1'),
(1623, 'QU1102', 54, 1, 'AG ', '2016-1'),
(1624, 'QU1102', 55, 1, 'AG ', '2016-1'),
(1625, 'QU1102', 56, 1, 'AG ', '2016-1'),
(1627, 'QU1102', 58, 1, 'EC', '2016-1'),
(1628, 'QU1102', 57, 1, 'EC', '2016-1'),
(1629, 'QU1104', 51, 2, 'EC', '2016-1'),
(1630, 'QU1104', 50, 2, 'EC', '2016-1'),
(1631, 'QU1106', 50, 1, 'EC', '2016-1'),
(1632, 'QU1106', 51, 1, 'EC', '2016-1'),
(1633, 'QU1106', 52, 1, 'EC', '2016-1'),
(1634, 'QU1106', 53, 1, 'EC', '2016-1'),
(1635, 'QU1107', 51, 2, 'EC', '2016-1'),
(1636, 'QU1107', 50, 2, 'EC', '2016-1'),
(1639, 'QU2407', 50, 3, 'AG ', '2016-1'),
(1641, 'QU4401', 50, 7, 'AG ', '2016-1'),
(1642, 'BI1101', 50, 1, 'AG ', '2016-1'),
(1644, 'BI1102', 52, 1, 'AG ', '2016-1'),
(1645, 'BI1102', 51, 1, 'AG ', '2016-1'),
(1646, 'FI1201', 51, 3, 'AG ', '2016-1'),
(1647, 'FI1201', 52, 3, 'AG ', '2016-1'),
(1649, 'FI1201', 53, 3, 'AG ', '2016-1'),
(1650, 'FI1201', 54, 3, 'AG ', '2016-1'),
(1651, 'FI1201', 55, 3, 'AG ', '2016-1'),
(1652, 'MA0101', 55, 1, 'CA ', '2016-1'),
(1653, 'MA2105', 50, 5, 'PI', '2016-1'),
(1654, 'QU2402', 51, 3, 'AG ', '2016-1'),
(1655, 'QU2402', 50, 3, 'AG ', '2016-1'),
(1656, 'FI1202', 50, 3, 'PI ', '2016-1'),
(1657, 'FI1202', 51, 3, 'PI ', '2016-1'),
(1658, 'FI1202', 52, 3, 'E', '2016-1'),
(1659, 'FI1202', 53, 3, 'PI ', '2016-1'),
(1660, 'FI1102', 50, 3, 'PI ', '2016-1'),
(1661, 'FI1102', 51, 3, 'E', '2016-1'),
(1662, 'FI2104', 50, 5, 'E  ', '2016-1'),
(1663, 'FI2103', 50, 4, 'EC ', '2016-1'),
(1664, 'FI2103', 51, 4, 'EC ', '2016-1'),
(1667, 'AG1002', 51, 3, 'AG ', '2016-1'),
(1668, 'MI2101', 50, 1, 'PI ', '2016-1'),
(1669, 'MI2101', 51, 1, 'PI ', '2016-1'),
(1670, 'MI2101', 52, 1, 'E', '2016-1'),
(1671, 'MI2101', 53, 1, 'E', '2016-1'),
(1673, 'EL2107', 50, 3, 'E  ', '2016-1'),
(1674, 'EL2107', 51, 3, 'E  ', '2016-1'),
(1676, 'EL2113', 50, 3, 'E  ', '2016-1'),
(1677, 'EL2114', 50, 4, 'E  ', '2016-1'),
(1678, 'EL2206', 50, 4, 'E  ', '2016-1'),
(1679, 'EL2207', 50, 4, 'E  ', '2016-1'),
(1680, 'EL3111', 50, 6, 'E  ', '2016-1'),
(1681, 'EL3205', 50, 5, 'E  ', '2016-1'),
(1682, 'EL3212', 50, 5, 'E  ', '2016-1'),
(1683, 'EL3213', 50, 6, 'E  ', '2016-1'),
(1684, 'EL3214', 50, 6, 'E  ', '2016-1'),
(1685, 'EL3307', 50, 5, 'E  ', '2016-1'),
(1686, 'EL3308', 50, 5, 'E  ', '2016-1'),
(1687, 'EL3312', 50, 6, 'E  ', '2016-1'),
(1688, 'EL4105', 50, 7, 'E  ', '2016-1'),
(1689, 'EL4311', 50, 7, 'E  ', '2016-1'),
(1690, 'EL4313', 50, 7, 'E  ', '2016-1'),
(1691, 'EL4513', 50, 7, 'E  ', '2016-1'),
(1692, 'EL4701', 50, 7, 'E  ', '2016-1'),
(1693, 'CI0202', 50, 0, 'EI', '2016-1'),
(1694, 'CI0202', 51, 0, 'EI', '2016-1'),
(1696, 'CI0202', 52, 0, 'EI', '2016-1'),
(1697, 'CI0202', 53, 0, 'EI', '2016-1'),
(1698, 'CI1106', 50, 1, 'AE ', '2016-1'),
(1699, 'CI1106', 51, 1, 'AG', '2016-1'),
(1700, 'CI1106', 52, 1, 'PI', '2016-1'),
(1701, 'CI1106', 53, 1, 'E', '2016-1'),
(1702, 'CI1106', 54, 1, 'AE ', '2016-1'),
(1703, 'CI1106', 55, 1, 'AG', '2016-1'),
(1704, 'CI1106', 56, 1, 'EI', '2016-1'),
(1705, 'CI1230', 50, 1, 'AG', '2016-1'),
(1706, 'CI1230', 51, 1, 'PI', '2016-1'),
(1707, 'CI1231', 50, 2, 'EI', '2016-1'),
(1708, 'CI1231', 51, 2, 'EI ', '2016-1'),
(1709, 'CI1305', 50, 1, 'AE ', '2016-1'),
(1710, 'CI1306', 50, 2, 'AE ', '2016-1'),
(1711, 'CI1307', 50, 3, 'AG ', '2016-1'),
(1712, 'CI1311', 50, 1, 'CA ', '2016-1'),
(1713, 'CI1313', 50, 3, 'CA ', '2016-1'),
(1714, 'CI1314', 50, 4, 'CA ', '2016-1'),
(1715, 'CI1403', 50, 1, 'CA', '2016-1'),
(1716, 'CI1403', 51, 1, 'CA ', '2016-1'),
(1717, 'CI2307', 50, 3, 'AE ', '2016-1'),
(1718, 'CI2308', 50, 4, 'AE ', '2016-1'),
(1719, 'CI3309', 50, 5, 'AE ', '2016-1'),
(1720, 'CI4312', 50, 7, 'AE ', '2016-1'),
(1721, 'CS1308', 50, 1, 'AE ', '2016-1'),
(1722, 'CS1502', 50, 1, 'AG ', '2016-1'),
(1725, 'CS1502', 51, 1, 'TR', '2016-1'),
(1726, 'CS1502', 52, 1, 'PI', '2016-1'),
(1727, 'CS1502', 53, 1, 'E', '2016-1'),
(1728, 'CS1502', 54, 1, 'EI', '2016-1'),
(1729, 'CS2101', 50, 3, 'CA', '2016-1'),
(1730, 'CS2101', 51, 3, 'TR', '2016-1'),
(1731, 'CS2101', 52, 3, 'PI ', '2016-1'),
(1732, 'CS2101', 53, 3, 'E', '2016-1'),
(1733, 'CS2303', 50, 4, 'TR', '2016-1'),
(1734, 'CS3102', 50, 7, 'AG ', '2016-1'),
(1735, 'CS3401', 50, 7, 'AG', '2016-1'),
(1736, 'CS3401', 51, 5, 'CA', '2016-1'),
(1737, 'CS3401', 52, 3, 'TR ', '2016-1'),
(1739, 'CS4402', 50, 3, 'TR', '2016-1'),
(1740, 'CS4402', 51, 3, 'EI', '2016-1'),
(1741, 'IC8841', 50, 8, 'CA ', '2016-1'),
(1742, 'IC8842', 50, 8, 'CA ', '2016-1'),
(1743, 'CM3207', 50, 6, 'PI', '2016-1'),
(1744, 'PI2304', 51, 4, 'PI ', '2015-2'),
(1746, 'EL2108', 50, 4, 'E  ', '2016-1'),
(1747, 'CS3404', 50, 5, 'PI ', '2016-1'),
(1748, 'CI1106', 57, 1, 'EI', '2016-1'),
(1749, 'CI1230', 52, 1, 'EI', '2016-1'),
(1750, 'CI1312', 50, 2, 'CA ', '2016-1');

-- --------------------------------------------------------

--
-- Estructura de tabla para la tabla `gruposhorarios`
--

CREATE TABLE IF NOT EXISTS `gruposhorarios` (
  `idhorario` int(11) NOT NULL,
  `idgrupo` int(11) NOT NULL,
  `idaula` char(6) NOT NULL,
  `dia` char(1) NOT NULL,
  `confirmado` tinyint(4) NOT NULL DEFAULT '0',
  PRIMARY KEY (`idhorario`,`idgrupo`,`dia`),
  KEY `fk_idaula_gruposhorarios` (`idaula`),
  KEY `fk_idgrupo_gruposhorarios` (`idgrupo`)
) ENGINE=InnoDB DEFAULT CHARSET=utf8;

--
-- Volcado de datos para la tabla `gruposhorarios`
--

INSERT INTO `gruposhorarios` (`idhorario`, `idgrupo`, `idaula`, `dia`, `confirmado`) VALUES
(1, 1003, 'LP-01', 'M', 0),
(1, 1006, 'A-11', 'L', 0),
(1, 1008, 'A-05', 'M', 0),
(1, 1009, 'AUC-01', 'J', 0),
(1, 1010, 'LAB-02', 'J', 0),
(1, 1012, 'LAB-01', 'J', 0),
(1, 1017, 'LAB-01', 'K', 0),
(1, 1056, 'A-06', 'K', 0),
(1, 1061, 'A-05', 'J', 0),
(1, 1062, 'A-08', 'M', 0),
(1, 1084, 'T-04', 'J', 0),
(1, 1089, 'A-05', 'K', 0),
(1, 1091, 'A-05', 'L', 0),
(1, 1097, 'A-04', 'M', 0),
(1, 1098, 'A-08', 'K', 0),
(1, 1106, 'A-04', 'K', 0),
(1, 1108, 'A-09', 'K', 0),
(1, 1108, 'A-03', 'M', 0),
(1, 1110, 'A-06', 'M', 0),
(1, 1118, 'A-06', 'J', 0),
(1, 1119, 'A-02', 'K', 0),
(1, 1119, 'A-10', 'M', 0),
(1, 1120, 'A-09', 'V', 0),
(1, 1127, 'A-07', 'K', 0),
(1, 1138, 'E-01', 'J', 0),
(1, 1138, 'E-01', 'K', 0),
(1, 1141, 'LE-01', 'K', 0),
(1, 1146, 'A-04', 'J', 0),
(1, 1148, 'A-02', 'V', 0),
(1, 1153, 'LAG-01', 'K', 0),
(1, 1164, 'T-03', 'J', 0),
(1, 1166, 'A-10', 'J', 0),
(1, 1178, 'A-13', 'J', 0),
(1, 1179, 'A-09', 'J', 0),
(1, 1187, 'A-10', 'K', 0),
(1, 1192, 'NAG-00', 'L', 0),
(1, 1193, 'NAG-00', 'L', 0),
(1, 1194, 'NAG-00', 'L', 0),
(1, 1195, 'NAG-00', 'M', 0),
(1, 1201, 'A-09', 'L', 0),
(1, 1202, 'A-15', 'J', 0),
(1, 1203, 'A-15', 'J', 0),
(1, 1204, 'AUD-02', 'K', 0),
(1, 1205, 'AUD-02', 'K', 0),
(1, 1208, 'A-15', 'M', 0),
(1, 1209, 'LAG-01', 'J', 0),
(1, 1210, 'LAG-01', 'M', 0),
(1, 1212, 'A-14', 'L', 0),
(1, 1213, 'NAG-00', 'J', 0),
(1, 1214, 'NAG-00', 'J', 0),
(1, 1216, 'A-14', 'M', 0),
(1, 1220, 'A-11', 'J', 0),
(1, 1227, 'T-03', 'M', 0),
(1, 1234, 'LF-01', 'M', 0),
(1, 1238, 'A-03', 'L', 0),
(1, 1254, 'A-06', 'L', 0),
(1, 1276, 'LP-01', 'V', 0),
(1, 1290, 'PSC-01', 'J', 0),
(1, 1311, 'E-01', 'J', 0),
(1, 1311, 'E-01', 'K', 0),
(1, 1314, 'LE-01', 'K', 0),
(1, 1315, 'LE-01', 'J', 0),
(1, 1315, 'E-01', 'V', 0),
(1, 1324, 'LE-02', 'M', 0),
(1, 1324, 'LE-02', 'V', 0),
(1, 1346, 'A-03', 'J', 0),
(1, 1400, 'A-09', 'M', 0),
(1, 1407, 'A-03', 'K', 0),
(1, 1407, 'A-03', 'M', 0),
(1, 1409, 'A-05', 'J', 0),
(1, 1414, 'AUC-01', 'J', 0),
(1, 1414, 'AUC-01', 'K', 0),
(1, 1420, 'AUC-01', 'M', 0),
(1, 1421, 'AUC-01', 'L', 0),
(1, 1427, 'LAB-01', 'K', 0),
(1, 1429, 'LAB-01', 'J', 0),
(1, 1430, 'A-02', 'M', 0),
(1, 1442, 'A-04', 'L', 0),
(1, 1443, 'NAE-00', 'M', 0),
(1, 1444, 'A-13', 'J', 0),
(1, 1448, 'A-03', 'V', 0),
(1, 1454, 'A-08', 'K', 0),
(1, 1457, 'A-05', 'J', 0),
(1, 1464, 'E-01', 'L', 0),
(1, 1464, 'E-01', 'M', 0),
(1, 1466, 'A-04', 'M', 0),
(1, 1468, 'NAG-00', 'L', 0),
(1, 1469, 'NAG-00', 'L', 0),
(1, 1470, 'NAG-00', 'L', 0),
(1, 1471, 'LAG-01', 'M', 0),
(1, 1472, 'LAG-01', 'M', 0),
(1, 1474, 'LAG-01', 'M', 0),
(1, 1482, 'A-15', 'L', 0),
(1, 1484, 'A-15', 'L', 0),
(1, 1489, 'A-05', 'M', 0),
(1, 1491, 'T-03', 'V', 0),
(1, 1494, 'A-15', 'M', 0),
(1, 1495, 'NAG-00', 'M', 0),
(1, 1496, 'NAG-00', 'M', 0),
(1, 1497, 'NAG-00', 'K', 0),
(1, 1498, 'A-15', 'K', 0),
(1, 1502, 'NAG-00', 'J', 0),
(1, 1503, 'NAG-00', 'J', 0),
(1, 1504, 'NAG-00', 'K', 0),
(1, 1505, 'NAG-00', 'K', 0),
(1, 1506, 'NAG-00', 'K', 0),
(1, 1507, 'NAG-00', 'M', 0),
(1, 1508, 'NAG-00', 'M', 0),
(1, 1509, 'NAG-00', 'M', 0),
(1, 1513, 'NAG-00', 'K', 0),
(1, 1530, 'T-03', 'J', 0),
(1, 1532, 'A-07', 'K', 0),
(1, 1535, 'A-14', 'M', 0),
(1, 1585, 'A-07', 'J', 0),
(1, 1599, 'A-03', 'J', 0),
(1, 1599, 'A-03', 'M', 0),
(1, 1610, 'A-06', 'J', 0),
(1, 1619, 'LQ-01', 'J', 0),
(1, 1621, 'LQ-02', 'J', 0),
(1, 1632, 'A-09', 'M', 0),
(1, 1639, 'A-02', 'K', 0),
(1, 1642, 'A-05', 'K', 0),
(1, 1669, 'LP-01', 'J', 0),
(1, 1681, 'LE-01', 'K', 0),
(1, 1687, 'LE-02', 'M', 0),
(1, 1696, 'A-08', 'J', 0),
(1, 1698, 'A-10', 'J', 0),
(1, 1700, 'A-10', 'K', 0),
(1, 1705, 'A-06', 'V', 0),
(1, 1709, 'T-04', 'K', 0),
(1, 1713, 'A-14', 'K', 0),
(1, 1715, 'A-10', 'M', 0),
(1, 1717, 'A-11', 'K', 0),
(1, 1717, 'T-04', 'M', 0),
(1, 1718, 'A-11', 'J', 0),
(1, 1726, 'A-10', 'V', 0),
(1, 1731, 'A-08', 'K', 0),
(1, 1736, 'A-07', 'K', 0),
(1, 1748, 'A-09', 'K', 0),
(1, 1749, 'A-09', 'J', 0),
(2, 13, 'LAG-01', 'L', 0),
(2, 15, 'A-02', 'M', 0),
(2, 20, 'LAB-02', 'K', 0),
(2, 22, 'LAB-01', 'J', 0),
(2, 26, 'LAB-01', 'L', 0),
(2, 27, 'LAB-01', 'K', 0),
(2, 31, 'AUC-01', 'K', 0),
(2, 34, 'AUC-01', 'J', 0),
(2, 36, 'AUC-01', 'L', 0),
(2, 40, 'LAB-01', 'M', 0),
(2, 1003, 'LP-01', 'M', 0),
(2, 1006, 'A-11', 'L', 0),
(2, 1008, 'A-05', 'M', 0),
(2, 1009, 'AUC-01', 'J', 0),
(2, 1009, 'AUC-01', 'M', 0),
(2, 1010, 'LAB-02', 'J', 0),
(2, 1011, 'LAB-01', 'V', 0),
(2, 1012, 'LAB-01', 'J', 0),
(2, 1015, 'LAB-02', 'L', 0),
(2, 1017, 'LAB-01', 'K', 0),
(2, 1018, 'LAB-01', 'M', 0),
(2, 1021, 'LAB-01', 'L', 0),
(2, 1030, 'LAB-02', 'K', 0),
(2, 1056, 'A-06', 'K', 0),
(2, 1061, 'A-05', 'J', 0),
(2, 1062, 'A-08', 'M', 0),
(2, 1084, 'T-04', 'J', 0),
(2, 1089, 'A-05', 'K', 0),
(2, 1091, 'A-05', 'L', 0),
(2, 1097, 'A-04', 'M', 0),
(2, 1098, 'A-08', 'K', 0),
(2, 1106, 'A-04', 'K', 0),
(2, 1108, 'A-09', 'K', 0),
(2, 1108, 'A-03', 'M', 0),
(2, 1110, 'A-06', 'M', 0),
(2, 1118, 'A-06', 'J', 0),
(2, 1119, 'A-02', 'K', 0),
(2, 1119, 'A-10', 'M', 0),
(2, 1120, 'A-09', 'V', 0),
(2, 1127, 'A-07', 'K', 0),
(2, 1130, 'A-09', 'M', 0),
(2, 1132, 'A-03', 'J', 0),
(2, 1138, 'E-01', 'J', 0),
(2, 1138, 'E-01', 'K', 0),
(2, 1141, 'LE-01', 'K', 0),
(2, 1146, 'A-04', 'J', 0),
(2, 1147, 'A-13', 'M', 0),
(2, 1148, 'A-02', 'V', 0),
(2, 1151, 'A-02', 'J', 0),
(2, 1152, 'LAG-01', 'K', 0),
(2, 1155, 'A-05', 'V', 0),
(2, 1156, 'A-07', 'M', 0),
(2, 1158, 'A-03', 'K', 0),
(2, 1159, 'A-13', 'K', 0),
(2, 1161, 'A-02', 'M', 0),
(2, 1162, 'A-08', 'J', 0),
(2, 1164, 'T-03', 'J', 0),
(2, 1166, 'A-10', 'J', 0),
(2, 1178, 'A-13', 'J', 0),
(2, 1179, 'A-09', 'J', 0),
(2, 1184, 'LQ-01', 'J', 0),
(2, 1187, 'A-10', 'K', 0),
(2, 1190, 'A-07', 'L', 0),
(2, 1192, 'NAG-00', 'L', 0),
(2, 1193, 'NAG-00', 'L', 0),
(2, 1194, 'NAG-00', 'L', 0),
(2, 1196, 'NAG-00', 'M', 0),
(2, 1200, 'A-15', 'K', 0),
(2, 1201, 'A-09', 'L', 0),
(2, 1202, 'A-15', 'J', 0),
(2, 1203, 'A-15', 'J', 0),
(2, 1204, 'AUD-02', 'K', 0),
(2, 1205, 'AUD-02', 'K', 0),
(2, 1208, 'A-15', 'M', 0),
(2, 1209, 'LAG-01', 'J', 0),
(2, 1210, 'LAG-01', 'M', 0),
(2, 1212, 'A-14', 'L', 0),
(2, 1213, 'NAG-00', 'J', 0),
(2, 1214, 'NAG-00', 'J', 0),
(2, 1216, 'A-14', 'M', 0),
(2, 1220, 'A-11', 'J', 0),
(2, 1227, 'T-03', 'M', 0),
(2, 1229, 'T-03', 'K', 0),
(2, 1234, 'LF-01', 'M', 0),
(2, 1238, 'A-03', 'L', 0),
(2, 1254, 'A-06', 'L', 0),
(2, 1273, 'A-15', 'L', 0),
(2, 1275, 'LP-01', 'L', 0),
(2, 1276, 'LP-01', 'V', 0),
(2, 1290, 'PSC-01', 'J', 0),
(2, 1295, 'G-01', 'K', 0),
(2, 1297, 'G-01', 'V', 0),
(2, 1311, 'E-01', 'J', 0),
(2, 1311, 'E-01', 'K', 0),
(2, 1314, 'LE-01', 'K', 0),
(2, 1315, 'LE-01', 'J', 0),
(2, 1315, 'E-01', 'V', 0),
(2, 1318, 'A-11', 'K', 0),
(2, 1324, 'LE-02', 'M', 0),
(2, 1324, 'LE-02', 'V', 0),
(2, 1325, 'A-04', 'V', 0),
(2, 1332, 'LP-01', 'M', 0),
(2, 1338, 'T-04', 'K', 0),
(2, 1342, 'A-13', 'M', 0),
(2, 1344, 'A-13', 'K', 0),
(2, 1346, 'A-03', 'J', 0),
(2, 1347, 'A-08', 'V', 0),
(2, 1367, 'A-06', 'K', 0),
(2, 1400, 'A-09', 'M', 0),
(2, 1407, 'A-03', 'K', 0),
(2, 1407, 'A-03', 'M', 0),
(2, 1409, 'A-05', 'J', 0),
(2, 1410, 'A-04', 'M', 0),
(2, 1414, 'AUC-01', 'J', 0),
(2, 1414, 'AUC-01', 'K', 0),
(2, 1415, 'LAG-01', 'J', 0),
(2, 1417, 'E-01', 'K', 0),
(2, 1418, 'NCA-00', 'J', 0),
(2, 1420, 'AUC-01', 'M', 0),
(2, 1421, 'AUC-01', 'L', 0),
(2, 1427, 'LAB-01', 'K', 0),
(2, 1428, 'LAB-01', 'L', 0),
(2, 1428, 'LAB-01', 'M', 0),
(2, 1429, 'LAB-01', 'J', 0),
(2, 1430, 'A-02', 'M', 0),
(2, 1431, 'LAB-02', 'J', 0),
(2, 1437, 'AUC-01', 'V', 0),
(2, 1438, 'NCA-00', 'K', 0),
(2, 1443, 'NAE-00', 'M', 0),
(2, 1444, 'A-13', 'J', 0),
(2, 1447, 'A-09', 'V', 0),
(2, 1448, 'A-03', 'V', 0),
(2, 1451, 'NAE-00', 'L', 0),
(2, 1454, 'A-08', 'K', 0),
(2, 1457, 'A-05', 'J', 0),
(2, 1460, 'A-03', 'K', 0),
(2, 1463, 'A-11', 'J', 0),
(2, 1464, 'E-01', 'L', 0),
(2, 1464, 'E-01', 'M', 0),
(2, 1466, 'A-04', 'M', 0),
(2, 1468, 'NAG-00', 'L', 0),
(2, 1469, 'NAG-00', 'L', 0),
(2, 1470, 'NAG-00', 'L', 0),
(2, 1471, 'LAG-01', 'M', 0),
(2, 1472, 'LAG-01', 'M', 0),
(2, 1474, 'LAG-01', 'M', 0),
(2, 1482, 'A-15', 'L', 0),
(2, 1484, 'A-15', 'L', 0),
(2, 1489, 'A-05', 'M', 0),
(2, 1491, 'T-03', 'V', 0),
(2, 1494, 'A-15', 'M', 0),
(2, 1495, 'NAG-00', 'M', 0),
(2, 1496, 'NAG-00', 'M', 0),
(2, 1497, 'NAG-00', 'K', 0),
(2, 1498, 'A-15', 'K', 0),
(2, 1502, 'NAG-00', 'J', 0),
(2, 1503, 'NAG-00', 'J', 0),
(2, 1504, 'NAG-00', 'K', 0),
(2, 1505, 'NAG-00', 'K', 0),
(2, 1506, 'NAG-00', 'K', 0),
(2, 1507, 'NAG-00', 'M', 0),
(2, 1508, 'NAG-00', 'M', 0),
(2, 1509, 'NAG-00', 'M', 0),
(2, 1511, 'NAG-00', 'M', 0),
(2, 1513, 'NAG-00', 'K', 0),
(2, 1530, 'T-03', 'J', 0),
(2, 1532, 'A-07', 'K', 0),
(2, 1533, 'A-04', 'J', 0),
(2, 1535, 'A-14', 'M', 0),
(2, 1537, 'A-13', 'L', 0),
(2, 1539, 'LP-01', 'M', 0),
(2, 1541, 'A-13', 'K', 0),
(2, 1543, 'A-13', 'V', 0),
(2, 1546, 'NPI-00', 'V', 0),
(2, 1550, 'A-02', 'J', 0),
(2, 1585, 'A-07', 'J', 0),
(2, 1597, 'A-03', 'L', 0),
(2, 1599, 'A-03', 'J', 0),
(2, 1599, 'A-03', 'M', 0),
(2, 1602, 'A-09', 'L', 0),
(2, 1603, 'A-04', 'K', 0),
(2, 1610, 'A-06', 'J', 0),
(2, 1615, 'A-06', 'M', 0),
(2, 1618, 'A-04', 'L', 0),
(2, 1619, 'LQ-01', 'J', 0),
(2, 1621, 'LQ-02', 'J', 0),
(2, 1632, 'A-09', 'M', 0),
(2, 1639, 'A-02', 'K', 0),
(2, 1639, 'A-05', 'L', 0),
(2, 1642, 'A-05', 'K', 0),
(2, 1646, 'LF-01', 'M', 0),
(2, 1654, 'LQ-02', 'M', 0),
(2, 1669, 'LP-01', 'J', 0),
(2, 1670, 'LP-01', 'K', 0),
(2, 1681, 'LE-01', 'K', 0),
(2, 1685, 'E-01', 'J', 0),
(2, 1686, 'LE-01', 'V', 0),
(2, 1687, 'LE-02', 'M', 0),
(2, 1689, 'LE-02', 'J', 0),
(2, 1689, 'LE-02', 'K', 0),
(2, 1691, 'LE-02', 'V', 0),
(2, 1696, 'A-08', 'J', 0),
(2, 1698, 'A-10', 'J', 0),
(2, 1700, 'A-10', 'K', 0),
(2, 1705, 'A-06', 'V', 0),
(2, 1709, 'T-04', 'K', 0),
(2, 1713, 'A-14', 'K', 0),
(2, 1715, 'A-10', 'M', 0),
(2, 1717, 'A-11', 'K', 0),
(2, 1717, 'T-04', 'M', 0),
(2, 1718, 'A-11', 'J', 0),
(2, 1726, 'A-10', 'V', 0),
(2, 1731, 'A-08', 'K', 0),
(2, 1736, 'A-07', 'K', 0),
(2, 1748, 'A-09', 'K', 0),
(2, 1749, 'A-09', 'J', 0),
(3, 13, 'LAG-01', 'L', 0),
(3, 15, 'A-02', 'M', 0),
(3, 20, 'LAB-02', 'K', 0),
(3, 22, 'LAB-01', 'J', 0),
(3, 26, 'LAB-01', 'L', 0),
(3, 27, 'LAB-01', 'K', 0),
(3, 31, 'AUC-01', 'K', 0),
(3, 34, 'AUC-01', 'J', 0),
(3, 36, 'AUC-01', 'L', 0),
(3, 40, 'LAB-01', 'M', 0),
(3, 1009, 'AUC-01', 'M', 0),
(3, 1011, 'LAB-01', 'V', 0),
(3, 1015, 'LAB-02', 'L', 0),
(3, 1018, 'LAB-01', 'M', 0),
(3, 1021, 'LAB-01', 'L', 0),
(3, 1030, 'LAB-02', 'K', 0),
(3, 1046, 'A-05', 'J', 0),
(3, 1047, 'A-09', 'K', 0),
(3, 1048, 'A-14', 'K', 0),
(3, 1049, 'A-11', 'M', 0),
(3, 1054, 'A-13', 'L', 0),
(3, 1055, 'A-05', 'M', 0),
(3, 1056, 'A-06', 'K', 0),
(3, 1062, 'A-08', 'M', 0),
(3, 1064, 'A-09', 'J', 0),
(3, 1070, 'A-05', 'K', 0),
(3, 1071, 'A-06', 'J', 0),
(3, 1076, 'A-10', 'K', 0),
(3, 1077, 'A-10', 'M', 0),
(3, 1082, 'T-04', 'K', 0),
(3, 1083, 'A-06', 'L', 0),
(3, 1084, 'T-04', 'J', 0),
(3, 1095, 'A-04', 'M', 0),
(3, 1106, 'A-04', 'K', 0),
(3, 1107, 'A-08', 'K', 0),
(3, 1108, 'A-03', 'M', 0),
(3, 1123, 'LP-01', 'M', 0),
(3, 1125, 'A-14', 'J', 0),
(3, 1127, 'A-07', 'K', 0),
(3, 1130, 'A-09', 'M', 0),
(3, 1132, 'A-03', 'J', 0),
(3, 1137, 'E-01', 'J', 0),
(3, 1146, 'A-04', 'J', 0),
(3, 1147, 'A-13', 'M', 0),
(3, 1148, 'A-02', 'V', 0),
(3, 1151, 'A-02', 'J', 0),
(3, 1152, 'LAG-01', 'K', 0),
(3, 1155, 'A-05', 'V', 0),
(3, 1156, 'A-07', 'M', 0),
(3, 1158, 'A-03', 'K', 0),
(3, 1159, 'A-13', 'K', 0),
(3, 1161, 'A-02', 'M', 0),
(3, 1162, 'A-08', 'J', 0),
(3, 1163, 'A-07', 'J', 0),
(3, 1164, 'T-03', 'J', 0),
(3, 1166, 'A-10', 'J', 0),
(3, 1169, 'A-05', 'L', 0),
(3, 1170, 'A-04', 'L', 0),
(3, 1172, 'A-02', 'K', 0),
(3, 1178, 'A-13', 'J', 0),
(3, 1184, 'LQ-01', 'J', 0),
(3, 1190, 'A-07', 'L', 0),
(3, 1197, 'NAG-00', 'M', 0),
(3, 1200, 'A-15', 'K', 0),
(3, 1201, 'A-09', 'L', 0),
(3, 1202, 'A-15', 'J', 0),
(3, 1203, 'A-15', 'J', 0),
(3, 1204, 'AUD-02', 'K', 0),
(3, 1205, 'AUD-02', 'K', 0),
(3, 1208, 'A-15', 'M', 0),
(3, 1209, 'LAG-01', 'J', 0),
(3, 1210, 'LAG-01', 'M', 0),
(3, 1212, 'A-14', 'L', 0),
(3, 1213, 'NAG-00', 'J', 0),
(3, 1214, 'NAG-00', 'J', 0),
(3, 1220, 'A-11', 'J', 0),
(3, 1226, 'T-03', 'L', 0),
(3, 1227, 'T-03', 'M', 0),
(3, 1229, 'T-03', 'K', 0),
(3, 1238, 'A-03', 'L', 0),
(3, 1240, 'E-01', 'L', 0),
(3, 1240, 'E-01', 'M', 0),
(3, 1273, 'A-15', 'L', 0),
(3, 1275, 'LP-01', 'L', 0),
(3, 1276, 'LP-01', 'V', 0),
(3, 1291, 'PSC-01', 'V', 0),
(3, 1295, 'G-01', 'K', 0),
(3, 1297, 'G-01', 'V', 0),
(3, 1318, 'A-11', 'K', 0),
(3, 1325, 'A-04', 'V', 0),
(3, 1332, 'LP-01', 'M', 0),
(3, 1338, 'T-04', 'K', 0),
(3, 1342, 'A-13', 'M', 0),
(3, 1344, 'A-13', 'K', 0),
(3, 1346, 'A-03', 'J', 0),
(3, 1347, 'A-08', 'V', 0),
(3, 1367, 'A-06', 'K', 0),
(3, 1388, 'A-09', 'J', 0),
(3, 1396, 'T-03', 'L', 0),
(3, 1400, 'A-09', 'M', 0),
(3, 1401, 'A-08', 'J', 0),
(3, 1407, 'A-03', 'M', 0),
(3, 1409, 'A-05', 'J', 0),
(3, 1410, 'A-04', 'M', 0),
(3, 1415, 'LAG-01', 'J', 0),
(3, 1417, 'E-01', 'K', 0),
(3, 1418, 'NCA-00', 'J', 0),
(3, 1428, 'LAB-01', 'L', 0),
(3, 1428, 'LAB-01', 'M', 0),
(3, 1430, 'LAB-02', 'M', 0),
(3, 1431, 'LAB-02', 'J', 0),
(3, 1437, 'AUC-01', 'V', 0),
(3, 1438, 'NCA-00', 'K', 0),
(3, 1443, 'NAE-00', 'M', 0),
(3, 1444, 'A-13', 'J', 0),
(3, 1447, 'A-09', 'V', 0),
(3, 1448, 'A-03', 'V', 0),
(3, 1451, 'NAE-00', 'L', 0),
(3, 1454, 'A-08', 'K', 0),
(3, 1457, 'A-05', 'J', 0),
(3, 1460, 'A-03', 'K', 0),
(3, 1463, 'A-11', 'J', 0),
(3, 1466, 'A-04', 'M', 0),
(3, 1471, 'LAG-01', 'M', 0),
(3, 1472, 'LAG-01', 'M', 0),
(3, 1474, 'LAG-01', 'M', 0),
(3, 1482, 'A-15', 'L', 0),
(3, 1484, 'A-15', 'L', 0),
(3, 1489, 'A-05', 'M', 0),
(3, 1491, 'T-03', 'V', 0),
(3, 1494, 'A-15', 'M', 0),
(3, 1495, 'NAG-00', 'M', 0),
(3, 1496, 'NAG-00', 'M', 0),
(3, 1497, 'NAG-00', 'K', 0),
(3, 1498, 'A-15', 'K', 0),
(3, 1502, 'NAG-00', 'J', 0),
(3, 1503, 'NAG-00', 'J', 0),
(3, 1504, 'NAG-00', 'K', 0),
(3, 1505, 'NAG-00', 'K', 0),
(3, 1506, 'NAG-00', 'K', 0),
(3, 1507, 'NAG-00', 'M', 0),
(3, 1508, 'NAG-00', 'M', 0),
(3, 1509, 'NAG-00', 'M', 0),
(3, 1511, 'NAG-00', 'M', 0),
(3, 1513, 'NAG-00', 'K', 0),
(3, 1530, 'T-03', 'J', 0),
(3, 1531, 'A-05', 'V', 0),
(3, 1532, 'A-07', 'K', 0),
(3, 1533, 'A-04', 'J', 0),
(3, 1535, 'A-14', 'M', 0),
(3, 1537, 'A-13', 'L', 0),
(3, 1539, 'LP-01', 'M', 0),
(3, 1541, 'A-13', 'K', 0),
(3, 1543, 'A-13', 'V', 0),
(3, 1546, 'NPI-00', 'V', 0),
(3, 1548, 'NPI-00', 'K', 0),
(3, 1550, 'A-02', 'J', 0),
(3, 1597, 'A-03', 'L', 0),
(3, 1599, 'A-03', 'M', 0),
(3, 1602, 'A-09', 'L', 0),
(3, 1603, 'A-04', 'K', 0),
(3, 1614, 'A-03', 'J', 0),
(3, 1615, 'A-06', 'M', 0),
(3, 1618, 'A-04', 'L', 0),
(3, 1639, 'A-05', 'L', 0),
(3, 1642, 'A-05', 'K', 0),
(3, 1646, 'LF-01', 'M', 0),
(3, 1654, 'LQ-02', 'M', 0),
(3, 1670, 'LP-01', 'K', 0),
(3, 1685, 'E-01', 'J', 0),
(3, 1686, 'LE-01', 'V', 0),
(3, 1687, 'LE-02', 'M', 0),
(3, 1689, 'LE-02', 'J', 0),
(3, 1689, 'LE-02', 'K', 0),
(3, 1691, 'LE-02', 'V', 0),
(3, 1696, 'A-08', 'J', 0),
(3, 1698, 'A-10', 'J', 0),
(3, 1700, 'A-10', 'K', 0),
(3, 1701, 'A-10', 'V', 0),
(3, 1702, 'A-10', 'L', 0),
(3, 1704, 'A-14', 'J', 0),
(3, 1705, 'A-06', 'V', 0),
(3, 1706, 'A-09', 'M', 0),
(3, 1708, 'A-08', 'L', 0),
(3, 1709, 'T-04', 'K', 0),
(3, 1710, 'A-14', 'V', 0),
(3, 1711, 'T-04', 'J', 0),
(3, 1713, 'A-14', 'K', 0),
(3, 1715, 'A-10', 'M', 0),
(3, 1717, 'A-11', 'K', 0),
(3, 1717, 'T-04', 'M', 0),
(3, 1718, 'A-11', 'J', 0),
(3, 1718, 'T-04', 'V', 0),
(3, 1719, 'T-03', 'L', 0),
(3, 1720, 'T-04', 'L', 0),
(3, 1730, 'A-06', 'J', 0),
(3, 1731, 'A-08', 'K', 0),
(3, 1733, 'A-02', 'L', 0),
(3, 1736, 'A-07', 'K', 0),
(3, 1740, 'A-02', 'M', 0),
(3, 1748, 'A-09', 'K', 0),
(3, 1749, 'A-09', 'J', 0),
(4, 13, 'LAG-01', 'L', 0),
(4, 15, 'A-02', 'M', 0),
(4, 16, 'A-02', 'K', 0),
(4, 20, 'LAB-02', 'K', 0),
(4, 22, 'LAB-01', 'J', 0),
(4, 26, 'LAB-01', 'L', 0),
(4, 27, 'LAB-01', 'K', 0),
(4, 31, 'AUC-01', 'K', 0),
(4, 34, 'AUC-01', 'J', 0),
(4, 35, 'AUC-01', 'L', 0),
(4, 36, 'LAB-02', 'M', 0),
(4, 40, 'LAB-01', 'M', 0),
(4, 1005, 'A-11', 'L', 0),
(4, 1011, 'LAB-02', 'M', 0),
(4, 1013, 'LAB-01', 'M', 0),
(4, 1016, 'LMV-01', 'M', 0),
(4, 1017, 'LAB-01', 'J', 0),
(4, 1018, 'LAB-01', 'L', 0),
(4, 1019, 'LAB-02', 'L', 0),
(4, 1023, 'AUC-01', 'K', 0),
(4, 1024, 'AUC-01', 'J', 0),
(4, 1024, 'AUC-01', 'L', 0),
(4, 1030, 'LAB-02', 'K', 0),
(4, 1046, 'A-05', 'J', 0),
(4, 1047, 'A-09', 'K', 0),
(4, 1048, 'A-14', 'K', 0),
(4, 1049, 'A-11', 'M', 0),
(4, 1054, 'A-13', 'L', 0),
(4, 1058, 'A-06', 'K', 0),
(4, 1060, 'A-10', 'L', 0),
(4, 1064, 'A-09', 'J', 0),
(4, 1066, 'LB-01', 'J', 0),
(4, 1070, 'A-05', 'K', 0),
(4, 1071, 'A-06', 'J', 0),
(4, 1076, 'A-10', 'K', 0),
(4, 1077, 'A-10', 'M', 0),
(4, 1082, 'T-04', 'K', 0),
(4, 1083, 'A-06', 'L', 0),
(4, 1090, 'A-10', 'J', 0),
(4, 1095, 'A-04', 'M', 0),
(4, 1096, 'A-02', 'L', 0),
(4, 1102, 'LF-01', 'J', 0),
(4, 1104, 'LF-01', 'M', 0),
(4, 1107, 'A-08', 'K', 0),
(4, 1115, 'LQ-01', 'M', 0),
(4, 1117, 'A-08', 'L', 0),
(4, 1118, 'A-04', 'K', 0),
(4, 1123, 'LP-01', 'M', 0),
(4, 1125, 'A-14', 'J', 0),
(4, 1130, 'A-09', 'M', 0),
(4, 1132, 'A-03', 'J', 0),
(4, 1137, 'E-01', 'J', 0),
(4, 1137, 'E-01', 'K', 0),
(4, 1144, 'LE-01', 'J', 0),
(4, 1146, 'A-04', 'J', 0),
(4, 1147, 'A-13', 'M', 0),
(4, 1148, 'A-02', 'V', 0),
(4, 1151, 'A-02', 'J', 0),
(4, 1152, 'LAG-01', 'K', 0),
(4, 1155, 'A-05', 'V', 0),
(4, 1156, 'A-07', 'M', 0),
(4, 1158, 'A-03', 'K', 0),
(4, 1159, 'A-13', 'K', 0),
(4, 1161, 'A-02', 'M', 0),
(4, 1162, 'A-08', 'J', 0),
(4, 1163, 'A-07', 'J', 0),
(4, 1169, 'A-05', 'L', 0),
(4, 1170, 'A-04', 'L', 0),
(4, 1172, 'A-02', 'K', 0),
(4, 1183, 'LQ-01', 'K', 0),
(4, 1185, 'A-07', 'L', 0),
(4, 1187, 'A-03', 'L', 0),
(4, 1190, 'A-08', 'M', 0),
(4, 1199, 'LAG-01', 'J', 0),
(4, 1200, 'A-15', 'K', 0),
(4, 1201, 'A-09', 'L', 0),
(4, 1202, 'NAG-00', 'J', 0),
(4, 1208, 'A-15', 'M', 0),
(4, 1212, 'NAG-00', 'L', 0),
(4, 1213, 'NAG-00', 'J', 0),
(4, 1216, 'A-14', 'M', 0),
(4, 1220, 'NAG-00', 'J', 0),
(4, 1226, 'T-03', 'L', 0),
(4, 1227, 'T-03', 'M', 0),
(4, 1229, 'T-03', 'K', 0),
(4, 1240, 'E-01', 'L', 0),
(4, 1240, 'E-01', 'M', 0),
(4, 1253, 'A-06', 'M', 0),
(4, 1269, 'A-07', 'K', 0),
(4, 1269, 'A-14', 'L', 0),
(4, 1273, 'A-15', 'L', 0),
(4, 1276, 'LP-01', 'V', 0),
(4, 1278, 'LP-01', 'L', 0),
(4, 1283, 'T-01', 'K', 0),
(4, 1291, 'PSC-01', 'V', 0),
(4, 1316, 'E-01', 'J', 0),
(4, 1316, 'E-01', 'V', 0),
(4, 1318, 'A-11', 'K', 0),
(4, 1319, 'LE-02', 'M', 0),
(4, 1319, 'LE-02', 'V', 0),
(4, 1323, 'LE-02', 'J', 0),
(4, 1323, 'E-01', 'K', 0),
(4, 1325, 'A-04', 'V', 0),
(4, 1332, 'LP-01', 'M', 0),
(4, 1338, 'T-04', 'K', 0),
(4, 1342, 'A-13', 'M', 0),
(4, 1344, 'A-13', 'K', 0),
(4, 1346, 'A-03', 'J', 0),
(4, 1347, 'A-08', 'V', 0),
(4, 1367, 'A-06', 'K', 0),
(4, 1388, 'A-09', 'J', 0),
(4, 1396, 'T-03', 'L', 0),
(4, 1398, 'A-10', 'J', 0),
(4, 1401, 'A-08', 'J', 0),
(4, 1410, 'A-04', 'M', 0),
(4, 1415, 'LAG-01', 'J', 0),
(4, 1417, 'AUC-01', 'J', 0),
(4, 1419, 'AUC-01', 'M', 0),
(4, 1422, 'LAB-01', 'J', 0),
(4, 1422, 'LAB-01', 'K', 0),
(4, 1423, 'LAB-01', 'L', 0),
(4, 1429, 'A-11', 'M', 0),
(4, 1430, 'LAB-02', 'M', 0),
(4, 1431, 'LAB-02', 'J', 0),
(4, 1432, 'AUC-01', 'K', 0),
(4, 1436, 'AUC-01', 'L', 0),
(4, 1437, 'AUC-01', 'V', 0),
(4, 1438, 'NCA-00', 'K', 0),
(4, 1443, 'NAE-00', 'M', 0),
(4, 1444, 'A-13', 'J', 0),
(4, 1447, 'A-09', 'V', 0),
(4, 1448, 'A-03', 'V', 0),
(4, 1454, 'A-08', 'K', 0),
(4, 1457, 'A-05', 'J', 0),
(4, 1460, 'A-03', 'K', 0),
(4, 1463, 'A-11', 'J', 0),
(4, 1466, 'A-04', 'M', 0),
(4, 1482, 'A-15', 'L', 0),
(4, 1484, 'A-15', 'L', 0),
(4, 1489, 'A-05', 'M', 0),
(4, 1491, 'T-03', 'V', 0),
(4, 1494, 'NAG-00', 'M', 0),
(4, 1495, 'NAG-00', 'M', 0),
(4, 1496, 'NAG-00', 'M', 0),
(4, 1497, 'NAG-00', 'K', 0),
(4, 1498, 'T-01', 'K', 0),
(4, 1502, 'NAG-00', 'J', 0),
(4, 1504, 'NAG-00', 'K', 0),
(4, 1505, 'NAG-00', 'K', 0),
(4, 1506, 'NAG-00', 'K', 0),
(4, 1507, 'NAG-00', 'M', 0),
(4, 1508, 'NAG-00', 'M', 0),
(4, 1511, 'NAG-00', 'M', 0),
(4, 1513, 'NAG-00', 'K', 0),
(4, 1531, 'A-05', 'V', 0),
(4, 1533, 'A-04', 'J', 0),
(4, 1537, 'A-13', 'L', 0),
(4, 1539, 'LP-01', 'M', 0),
(4, 1541, 'A-13', 'K', 0),
(4, 1543, 'A-13', 'V', 0),
(4, 1546, 'NPI-00', 'V', 0),
(4, 1548, 'NPI-00', 'K', 0),
(4, 1550, 'A-02', 'J', 0),
(4, 1580, 'LB-01', 'K', 0),
(4, 1584, 'A-13', 'M', 0),
(4, 1585, 'A-03', 'L', 0),
(4, 1586, 'A-07', 'J', 0),
(4, 1586, 'A-07', 'K', 0),
(4, 1589, 'T-03', 'J', 0),
(4, 1592, 'LF-01', 'K', 0),
(4, 1596, 'A-03', 'M', 0),
(4, 1602, 'A-09', 'J', 0),
(4, 1608, 'A-04', 'K', 0),
(4, 1614, 'A-03', 'J', 0),
(4, 1614, 'A-09', 'K', 0),
(4, 1617, 'A-07', 'L', 0),
(4, 1632, 'A-08', 'J', 0),
(4, 1633, 'A-06', 'K', 0),
(4, 1633, 'A-07', 'M', 0),
(4, 1644, 'LB-01', 'M', 0),
(4, 1650, 'LF-01', 'J', 0),
(4, 1653, 'A-02', 'K', 0),
(4, 1653, 'A-06', 'M', 0),
(4, 1660, 'A-05', 'K', 0),
(4, 1662, 'A-05', 'L', 0),
(4, 1662, 'A-08', 'M', 0),
(4, 1669, 'LP-01', 'K', 0),
(4, 1670, 'LP-01', 'L', 0),
(4, 1673, 'LE-01', 'M', 0),
(4, 1677, 'E-01', 'M', 0),
(4, 1677, 'E-01', 'V', 0),
(4, 1682, 'LE-02', 'V', 0),
(4, 1683, 'LE-01', 'V', 0),
(4, 1685, 'E-01', 'J', 0),
(4, 1687, 'LE-02', 'M', 0),
(4, 1688, 'LE-01', 'K', 0),
(4, 1688, 'LE-01', 'L', 0),
(4, 1701, 'A-10', 'V', 0),
(4, 1702, 'A-10', 'L', 0),
(4, 1704, 'A-14', 'J', 0),
(4, 1706, 'A-09', 'M', 0),
(4, 1708, 'A-08', 'L', 0),
(4, 1710, 'A-14', 'V', 0),
(4, 1711, 'T-04', 'J', 0),
(4, 1715, 'A-10', 'M', 0),
(4, 1718, 'T-04', 'V', 0),
(4, 1719, 'T-03', 'L', 0),
(4, 1720, 'T-04', 'L', 0),
(4, 1722, 'A-09', 'L', 0),
(4, 1727, 'A-10', 'K', 0),
(4, 1730, 'A-06', 'J', 0),
(4, 1733, 'A-02', 'L', 0),
(4, 1740, 'A-02', 'M', 0),
(4, 1743, 'E-01', 'L', 0),
(5, 13, 'LAG-01', 'L', 0),
(5, 15, 'A-02', 'M', 0),
(5, 16, 'A-02', 'K', 0),
(5, 20, 'LAB-02', 'K', 0),
(5, 22, 'LAB-01', 'J', 0),
(5, 26, 'LAB-01', 'L', 0),
(5, 27, 'LAB-01', 'K', 0),
(5, 31, 'AUC-01', 'K', 0),
(5, 34, 'AUC-01', 'J', 0),
(5, 35, 'AUC-01', 'L', 0),
(5, 36, 'LAB-02', 'M', 0),
(5, 40, 'LAB-01', 'M', 0),
(5, 1005, 'A-11', 'L', 0),
(5, 1011, 'LAB-02', 'M', 0),
(5, 1013, 'LAB-01', 'M', 0),
(5, 1016, 'LMV-01', 'M', 0),
(5, 1017, 'LAB-01', 'J', 0),
(5, 1018, 'LAB-01', 'L', 0),
(5, 1019, 'LAB-02', 'L', 0),
(5, 1023, 'AUC-01', 'K', 0),
(5, 1024, 'AUC-01', 'J', 0),
(5, 1024, 'AUC-01', 'L', 0),
(5, 1030, 'LAB-02', 'K', 0),
(5, 1046, 'A-05', 'J', 0),
(5, 1047, 'A-09', 'K', 0),
(5, 1048, 'A-14', 'K', 0),
(5, 1049, 'A-11', 'M', 0),
(5, 1054, 'A-13', 'L', 0),
(5, 1055, 'A-05', 'M', 0),
(5, 1058, 'A-06', 'K', 0),
(5, 1060, 'A-10', 'L', 0),
(5, 1064, 'A-09', 'J', 0),
(5, 1066, 'LB-01', 'J', 0),
(5, 1070, 'A-05', 'K', 0),
(5, 1071, 'A-06', 'J', 0),
(5, 1076, 'A-10', 'K', 0),
(5, 1077, 'A-10', 'M', 0),
(5, 1082, 'T-04', 'K', 0),
(5, 1083, 'A-06', 'L', 0),
(5, 1090, 'A-10', 'J', 0),
(5, 1095, 'A-04', 'M', 0),
(5, 1096, 'A-02', 'L', 0),
(5, 1102, 'LF-01', 'J', 0),
(5, 1104, 'LF-01', 'M', 0),
(5, 1107, 'A-08', 'K', 0),
(5, 1115, 'LQ-01', 'M', 0),
(5, 1117, 'A-08', 'L', 0),
(5, 1118, 'A-04', 'K', 0),
(5, 1123, 'LP-01', 'M', 0),
(5, 1125, 'A-14', 'J', 0),
(5, 1130, 'A-09', 'M', 0),
(5, 1132, 'A-03', 'J', 0),
(5, 1137, 'E-01', 'K', 0),
(5, 1144, 'LE-02', 'J', 0),
(5, 1147, 'A-13', 'M', 0),
(5, 1151, 'A-02', 'J', 0),
(5, 1152, 'LAG-01', 'K', 0),
(5, 1155, 'A-05', 'V', 0),
(5, 1156, 'A-07', 'M', 0),
(5, 1158, 'A-03', 'K', 0),
(5, 1159, 'A-13', 'K', 0),
(5, 1161, 'A-02', 'M', 0),
(5, 1162, 'A-08', 'J', 0),
(5, 1163, 'A-07', 'J', 0),
(5, 1169, 'A-05', 'L', 0),
(5, 1170, 'A-04', 'L', 0),
(5, 1172, 'A-02', 'K', 0),
(5, 1183, 'LQ-01', 'K', 0),
(5, 1185, 'A-07', 'L', 0),
(5, 1187, 'A-03', 'L', 0),
(5, 1190, 'A-08', 'M', 0),
(5, 1199, 'LAG-01', 'J', 0),
(5, 1200, 'A-15', 'K', 0),
(5, 1201, 'A-09', 'L', 0),
(5, 1202, 'NAG-00', 'J', 0),
(5, 1208, 'A-15', 'M', 0),
(5, 1212, 'NAG-00', 'L', 0),
(5, 1213, 'NAG-00', 'J', 0),
(5, 1216, 'A-14', 'M', 0),
(5, 1220, 'NAG-00', 'J', 0),
(5, 1226, 'T-03', 'L', 0),
(5, 1227, 'T-03', 'M', 0),
(5, 1229, 'T-03', 'K', 0),
(5, 1253, 'A-06', 'M', 0),
(5, 1269, 'A-07', 'K', 0),
(5, 1269, 'A-14', 'L', 0),
(5, 1273, 'A-15', 'L', 0),
(5, 1278, 'LP-01', 'L', 0),
(5, 1283, 'T-01', 'K', 0),
(5, 1316, 'E-01', 'J', 0),
(5, 1316, 'E-01', 'V', 0),
(5, 1318, 'A-11', 'K', 0),
(5, 1319, 'LE-02', 'M', 0),
(5, 1319, 'LE-02', 'V', 0),
(5, 1323, 'LE-02', 'J', 0),
(5, 1323, 'E-01', 'K', 0),
(5, 1325, 'A-04', 'V', 0),
(5, 1332, 'LP-01', 'M', 0),
(5, 1338, 'T-04', 'K', 0),
(5, 1342, 'A-13', 'M', 0),
(5, 1344, 'A-13', 'K', 0),
(5, 1347, 'A-08', 'V', 0),
(5, 1367, 'A-06', 'K', 0),
(5, 1388, 'A-09', 'J', 0),
(5, 1396, 'T-03', 'L', 0),
(5, 1398, 'A-10', 'J', 0),
(5, 1401, 'A-08', 'J', 0),
(5, 1410, 'A-04', 'M', 0),
(5, 1415, 'LAG-01', 'J', 0),
(5, 1417, 'AUC-01', 'J', 0),
(5, 1419, 'AUC-01', 'M', 0),
(5, 1422, 'LAB-01', 'J', 0),
(5, 1422, 'LAB-01', 'K', 0),
(5, 1423, 'LAB-01', 'L', 0),
(5, 1429, 'A-11', 'M', 0),
(5, 1431, 'LAB-02', 'J', 0),
(5, 1432, 'AUC-01', 'K', 0),
(5, 1436, 'AUC-01', 'L', 0),
(5, 1437, 'AUC-01', 'V', 0),
(5, 1438, 'NCA-00', 'K', 0),
(5, 1447, 'A-09', 'V', 0),
(5, 1460, 'A-03', 'K', 0),
(5, 1463, 'A-11', 'J', 0),
(5, 1482, 'A-15', 'L', 0),
(5, 1484, 'A-15', 'L', 0),
(5, 1494, 'NAG-00', 'M', 0),
(5, 1495, 'NAG-00', 'M', 0),
(5, 1496, 'NAG-00', 'M', 0),
(5, 1497, 'NAG-00', 'K', 0),
(5, 1498, 'T-01', 'K', 0),
(5, 1502, 'NAG-00', 'J', 0),
(5, 1503, 'NAG-00', 'J', 0),
(5, 1504, 'NAG-00', 'K', 0),
(5, 1505, 'NAG-00', 'K', 0),
(5, 1506, 'NAG-00', 'K', 0),
(5, 1507, 'NAG-00', 'M', 0),
(5, 1508, 'NAG-00', 'M', 0),
(5, 1511, 'NAG-00', 'M', 0),
(5, 1513, 'NAG-00', 'K', 0),
(5, 1531, 'A-05', 'V', 0),
(5, 1533, 'A-04', 'J', 0),
(5, 1537, 'A-13', 'L', 0),
(5, 1539, 'LP-01', 'M', 0),
(5, 1541, 'A-13', 'K', 0),
(5, 1543, 'A-13', 'V', 0),
(5, 1546, 'NPI-00', 'V', 0),
(5, 1548, 'NPI-00', 'K', 0),
(5, 1550, 'A-02', 'J', 0),
(5, 1580, 'LB-01', 'K', 0),
(5, 1584, 'A-13', 'M', 0),
(5, 1585, 'A-03', 'L', 0),
(5, 1586, 'A-07', 'J', 0),
(5, 1586, 'A-07', 'K', 0),
(5, 1589, 'T-03', 'J', 0),
(5, 1592, 'LF-01', 'K', 0),
(5, 1596, 'A-03', 'M', 0),
(5, 1602, 'A-09', 'J', 0),
(5, 1608, 'A-04', 'K', 0),
(5, 1614, 'A-09', 'K', 0),
(5, 1617, 'A-07', 'L', 0),
(5, 1632, 'A-08', 'J', 0),
(5, 1633, 'A-06', 'K', 0),
(5, 1633, 'A-07', 'M', 0),
(5, 1644, 'LB-01', 'M', 0),
(5, 1650, 'LF-01', 'J', 0),
(5, 1653, 'A-02', 'K', 0),
(5, 1653, 'A-06', 'M', 0),
(5, 1660, 'A-05', 'K', 0),
(5, 1662, 'A-05', 'L', 0),
(5, 1662, 'A-08', 'M', 0),
(5, 1669, 'LP-01', 'K', 0),
(5, 1670, 'LP-01', 'L', 0),
(5, 1673, 'LE-01', 'M', 0),
(5, 1677, 'E-01', 'M', 0),
(5, 1677, 'E-01', 'V', 0),
(5, 1682, 'LE-02', 'V', 0),
(5, 1683, 'LE-01', 'V', 0),
(5, 1685, 'E-01', 'J', 0),
(5, 1688, 'LE-01', 'K', 0),
(5, 1688, 'LE-01', 'L', 0),
(5, 1701, 'A-10', 'V', 0),
(5, 1702, 'A-10', 'L', 0),
(5, 1704, 'A-14', 'J', 0),
(5, 1706, 'A-09', 'M', 0),
(5, 1708, 'A-08', 'L', 0),
(5, 1710, 'A-14', 'V', 0),
(5, 1711, 'T-04', 'J', 0),
(5, 1718, 'T-04', 'V', 0),
(5, 1719, 'T-03', 'L', 0),
(5, 1720, 'T-04', 'L', 0),
(5, 1722, 'A-09', 'L', 0),
(5, 1727, 'A-10', 'K', 0),
(5, 1730, 'A-06', 'J', 0),
(5, 1733, 'A-02', 'L', 0),
(5, 1740, 'A-02', 'M', 0),
(5, 1743, 'E-01', 'L', 0),
(7, 14, 'LAG-01', 'M', 0),
(7, 16, 'A-02', 'J', 0),
(7, 17, 'LAB-01', 'K', 0),
(7, 18, 'AUC-01', 'K', 0),
(7, 19, 'AUC-01', 'L', 0),
(7, 21, 'LAB-02', 'J', 0),
(7, 23, 'LAB-01', 'M', 0),
(7, 24, 'LAB-01', 'L', 0),
(7, 25, 'LAB-02', 'K', 0),
(7, 28, 'LAB-02', 'L', 0),
(7, 29, 'LP-01', 'J', 0),
(7, 30, 'AUC-01', 'M', 0),
(7, 32, 'A-14', 'J', 0),
(7, 33, 'A-09', 'L', 0),
(7, 35, 'LAB-02', 'M', 0),
(7, 39, 'T-04', 'K', 0),
(7, 41, 'LMV-01', 'L', 0),
(7, 1002, 'LAB-01', 'J', 0),
(7, 1002, 'LAG-01', 'K', 0),
(7, 1004, 'LAG-01', 'L', 0),
(7, 1004, 'LAG-01', 'M', 0),
(7, 1006, 'A-11', 'M', 0),
(7, 1008, 'A-11', 'J', 0),
(7, 1010, 'LAB-02', 'M', 0),
(7, 1012, 'LAB-01', 'K', 0),
(7, 1014, 'LAB-01', 'L', 0),
(7, 1020, 'A-14', 'K', 0),
(7, 1021, 'LAB-01', 'M', 0),
(7, 1025, 'A-06', 'J', 0),
(7, 1026, 'LAB-02', 'L', 0),
(7, 1027, 'AUC-01', 'K', 0),
(7, 1028, 'AUC-01', 'J', 0),
(7, 1050, 'A-02', 'K', 0),
(7, 1050, 'A-10', 'L', 0),
(7, 1058, 'A-05', 'L', 0),
(7, 1067, 'LB-01', 'J', 0),
(7, 1069, 'A-06', 'L', 0),
(7, 1078, 'A-10', 'K', 0),
(7, 1082, 'A-09', 'M', 0),
(7, 1083, 'A-13', 'M', 0),
(7, 1086, 'T-03', 'M', 0),
(7, 1096, 'A-02', 'J', 0),
(7, 1097, 'A-04', 'L', 0),
(7, 1103, 'LF-01', 'M', 0),
(7, 1105, 'A-09', 'K', 0),
(7, 1106, 'A-05', 'J', 0),
(7, 1107, 'A-07', 'M', 0),
(7, 1110, 'A-13', 'L', 0),
(7, 1111, 'LQ-01', 'J', 0),
(7, 1113, 'LQ-01', 'K', 0),
(7, 1117, 'A-06', 'M', 0),
(7, 1120, 'A-05', 'M', 0),
(7, 1122, 'A-04', 'J', 0),
(7, 1129, 'A-04', 'K', 0),
(7, 1131, 'LP-01', 'M', 0),
(7, 1133, 'E-01', 'J', 0),
(7, 1134, 'LE-01', 'K', 0),
(7, 1142, 'LE-02', 'J', 0),
(7, 1142, 'LE-02', 'K', 0),
(7, 1145, 'A-03', 'K', 0),
(7, 1150, 'A-08', 'K', 0),
(7, 1157, 'A-03', 'J', 0),
(7, 1160, 'A-05', 'K', 0),
(7, 1165, 'A-10', 'J', 0),
(7, 1167, 'A-08', 'L', 0),
(7, 1168, 'A-02', 'L', 0),
(7, 1173, 'A-06', 'K', 0),
(7, 1174, 'A-03', 'M', 0),
(7, 1175, 'A-09', 'J', 0),
(7, 1178, 'A-03', 'L', 0),
(7, 1182, 'LQ-02', 'M', 0),
(7, 1189, 'LQ-02', 'K', 0),
(7, 1191, 'A-15', 'V', 0),
(7, 1198, 'A-15', 'L', 0),
(7, 1203, 'NAG-00', 'J', 0),
(7, 1204, 'NAG-00', 'K', 0),
(7, 1206, 'NAG-00', 'J', 0),
(7, 1214, 'NAG-00', 'J', 0),
(7, 1217, 'A-11', 'L', 0),
(7, 1218, 'A-15', 'J', 0),
(7, 1221, 'A-15', 'K', 0),
(7, 1221, 'NAG-00', 'M', 0),
(7, 1222, 'NE-00', 'K', 0),
(7, 1223, 'T-04', 'K', 0),
(7, 1230, 'T-03', 'L', 0),
(7, 1233, 'A-10', 'M', 0),
(7, 1235, 'A-08', 'J', 0),
(7, 1241, 'LE-01', 'M', 0),
(7, 1245, 'A-14', 'J', 0),
(7, 1248, 'A-08', 'M', 0),
(7, 1250, 'A-15', 'M', 0),
(7, 1254, 'A-07', 'J', 0),
(7, 1257, 'A-13', 'K', 0),
(7, 1259, 'LB-02', 'J', 0),
(7, 1277, 'LP-01', 'V', 0),
(7, 1278, 'LP-01', 'J', 0),
(7, 1279, 'A-11', 'V', 0),
(7, 1281, 'T-05', 'K', 0),
(7, 1284, 'T-02', 'M', 0),
(7, 1286, 'T-05', 'L', 0),
(7, 1309, 'LE-01', 'M', 0),
(7, 1310, 'E-01', 'J', 0),
(7, 1310, 'E-01', 'K', 0),
(7, 1313, 'E-01', 'M', 0),
(7, 1313, 'E-01', 'V', 0),
(7, 1321, 'LE-02', 'M', 0),
(7, 1321, 'LE-02', 'V', 0),
(7, 1322, 'LE-02', 'J', 0),
(7, 1322, 'LE-02', 'K', 0),
(7, 1327, 'A-03', 'L', 0),
(7, 1328, 'A-13', 'L', 0),
(7, 1335, 'LP-01', 'M', 0),
(7, 1341, 'A-13', 'M', 0),
(7, 1371, 'A-03', 'M', 0),
(7, 1372, 'A-04', 'J', 0),
(7, 1389, 'A-09', 'M', 0),
(7, 1397, 'A-10', 'K', 0),
(7, 1408, 'A-03', 'L', 0),
(7, 1408, 'A-04', 'M', 0),
(7, 1411, 'A-09', 'K', 0),
(7, 1416, 'LAG-01', 'J', 0),
(7, 1421, 'AUC-01', 'J', 0),
(7, 1425, 'LAB-01', 'L', 0),
(7, 1426, 'LAB-02', 'K', 0),
(7, 1427, 'LAB-01', 'M', 0),
(7, 1432, 'AUC-01', 'M', 0),
(7, 1433, 'AUC-01', 'K', 0),
(7, 1434, 'NCA-00', 'K', 0),
(7, 1435, 'AUC-01', 'V', 0),
(7, 1436, 'AUC-01', 'L', 0),
(7, 1442, 'A-04', 'K', 0),
(7, 1445, 'A-05', 'M', 0),
(7, 1449, 'A-08', 'J', 0),
(7, 1450, 'LP-01', 'K', 0),
(7, 1451, 'NAE-00', 'K', 0),
(7, 1453, 'A-07', 'K', 0),
(7, 1455, 'A-13', 'M', 0),
(7, 1458, 'A-04', 'L', 0),
(7, 1462, 'T-03', 'J', 0),
(7, 1465, 'A-04', 'M', 0),
(7, 1475, 'A-15', 'J', 0),
(7, 1476, 'A-15', 'J', 0),
(7, 1477, 'LAG-01', 'M', 0),
(7, 1478, 'LAG-01', 'M', 0),
(7, 1479, 'LAG-01', 'M', 0),
(7, 1480, 'A-15', 'K', 0),
(7, 1481, 'A-15', 'K', 0),
(7, 1492, 'A-15', 'M', 0),
(7, 1493, 'NAG-00', 'M', 0),
(7, 1500, 'NAG-00', 'L', 0),
(7, 1501, 'A-15', 'L', 0),
(7, 1509, 'T-01', 'M', 0),
(7, 1510, 'NAG-00', 'K', 0),
(7, 1512, 'T-01', 'J', 0),
(7, 1529, 'A-09', 'K', 0),
(7, 1536, 'A-06', 'J', 0),
(7, 1538, 'A-13', 'L', 0),
(7, 1540, 'LP-01', 'M', 0),
(7, 1542, 'A-13', 'K', 0),
(7, 1544, 'A-13', 'V', 0),
(7, 1547, 'NPI-00', 'V', 0),
(7, 1549, 'NPI-00', 'K', 0),
(7, 1553, 'LAB-01', 'J', 0),
(7, 1579, 'A-06', 'L', 0),
(7, 1587, 'A-07', 'J', 0),
(7, 1587, 'A-02', 'M', 0),
(7, 1589, 'A-14', 'K', 0),
(7, 1593, 'A-03', 'M', 0),
(7, 1594, 'A-03', 'K', 0),
(7, 1595, 'A-03', 'J', 0),
(7, 1595, 'A-03', 'L', 0),
(7, 1604, 'A-05', 'L', 0),
(7, 1609, 'A-02', 'J', 0),
(7, 1610, 'A-02', 'K', 0),
(7, 1617, 'A-07', 'M', 0),
(7, 1622, 'LQ-01', 'M', 0),
(7, 1623, 'LQ-01', 'J', 0),
(7, 1624, 'LQ-02', 'J', 0),
(7, 1627, 'LQ-02', 'M', 0),
(7, 1628, 'LQ-02', 'J', 0),
(7, 1631, 'A-08', 'K', 0),
(7, 1634, 'A-06', 'K', 0),
(7, 1634, 'A-06', 'M', 0),
(7, 1651, 'LF-01', 'K', 0),
(7, 1652, 'A-04', 'J', 0),
(7, 1655, 'LQ-02', 'L', 0),
(7, 1656, 'LF-01', 'M', 0),
(7, 1660, 'A-13', 'J', 0),
(7, 1667, 'A-15', 'J', 0),
(7, 1668, 'LP-01', 'J', 0),
(7, 1671, 'LP-01', 'L', 0),
(7, 1674, 'LE-01', 'M', 0),
(7, 1676, 'E-01', 'J', 0),
(7, 1676, 'E-01', 'K', 0),
(7, 1679, 'E-01', 'M', 0),
(7, 1679, 'E-01', 'V', 0),
(7, 1683, 'LE-02', 'M', 0),
(7, 1684, 'LE-02', 'J', 0),
(7, 1684, 'LE-02', 'K', 0),
(7, 1690, 'LE-02', 'V', 0),
(7, 1692, 'LE-01', 'J', 0),
(7, 1692, 'LE-01', 'K', 0),
(7, 1694, 'A-10', 'J', 0),
(7, 1697, 'A-08', 'L', 0),
(7, 1699, 'A-10', 'L', 0),
(7, 1707, 'A-08', 'M', 0),
(7, 1709, 'A-11', 'M', 0),
(7, 1712, 'A-09', 'L', 0),
(7, 1720, 'A-09', 'J', 0),
(7, 1725, 'A-07', 'L', 0),
(7, 1734, 'A-02', 'L', 0),
(7, 1737, 'A-06', 'V', 0),
(7, 1743, 'NE-00', 'L', 0),
(7, 1746, 'NE-00', 'L', 0),
(7, 1750, 'T-04', 'J', 0),
(8, 14, 'LAG-01', 'M', 0),
(8, 16, 'A-02', 'J', 0),
(8, 17, 'LAB-01', 'K', 0),
(8, 18, 'AUC-01', 'K', 0),
(8, 19, 'AUC-01', 'L', 0),
(8, 21, 'LAB-02', 'J', 0),
(8, 23, 'LAB-01', 'M', 0),
(8, 24, 'LAB-01', 'L', 0),
(8, 25, 'LAB-02', 'K', 0),
(8, 28, 'LAB-02', 'L', 0),
(8, 29, 'LP-01', 'J', 0),
(8, 30, 'AUC-01', 'M', 0),
(8, 32, 'A-14', 'J', 0),
(8, 33, 'A-09', 'L', 0),
(8, 35, 'LAB-02', 'M', 0),
(8, 39, 'T-04', 'K', 0),
(8, 41, 'LMV-01', 'L', 0),
(8, 1002, 'LAB-01', 'J', 0),
(8, 1002, 'LAG-01', 'K', 0),
(8, 1004, 'LAG-01', 'L', 0),
(8, 1004, 'LAG-01', 'M', 0),
(8, 1006, 'A-11', 'M', 0),
(8, 1008, 'A-11', 'J', 0),
(8, 1010, 'LAB-02', 'M', 0),
(8, 1012, 'LAB-01', 'K', 0),
(8, 1014, 'LAB-01', 'L', 0),
(8, 1020, 'A-14', 'K', 0),
(8, 1021, 'LAB-01', 'M', 0),
(8, 1025, 'A-06', 'J', 0),
(8, 1026, 'LAB-02', 'L', 0),
(8, 1027, 'AUC-01', 'K', 0),
(8, 1028, 'AUC-01', 'J', 0),
(8, 1050, 'A-02', 'K', 0),
(8, 1050, 'A-10', 'L', 0),
(8, 1053, 'A-11', 'K', 0),
(8, 1058, 'A-05', 'L', 0),
(8, 1067, 'LB-01', 'J', 0),
(8, 1069, 'A-06', 'L', 0),
(8, 1075, 'A-13', 'J', 0),
(8, 1078, 'A-10', 'K', 0),
(8, 1082, 'A-09', 'M', 0),
(8, 1083, 'A-13', 'M', 0),
(8, 1085, 'T-04', 'M', 0),
(8, 1086, 'T-03', 'M', 0),
(8, 1087, 'A-14', 'L', 0),
(8, 1087, 'A-14', 'M', 0),
(8, 1096, 'A-02', 'J', 0),
(8, 1097, 'A-04', 'L', 0),
(8, 1103, 'LF-01', 'M', 0),
(8, 1105, 'A-09', 'K', 0),
(8, 1106, 'A-05', 'J', 0),
(8, 1107, 'A-07', 'M', 0),
(8, 1110, 'A-13', 'L', 0),
(8, 1111, 'LQ-01', 'J', 0),
(8, 1113, 'LQ-01', 'K', 0),
(8, 1117, 'A-06', 'M', 0),
(8, 1120, 'A-05', 'M', 0),
(8, 1122, 'A-04', 'J', 0),
(8, 1129, 'A-04', 'K', 0),
(8, 1131, 'LP-01', 'M', 0),
(8, 1133, 'E-01', 'J', 0),
(8, 1134, 'LE-01', 'K', 0),
(8, 1142, 'LE-02', 'J', 0),
(8, 1142, 'LE-02', 'K', 0),
(8, 1145, 'A-03', 'K', 0),
(8, 1150, 'A-08', 'K', 0),
(8, 1157, 'A-03', 'J', 0),
(8, 1160, 'A-05', 'K', 0),
(8, 1165, 'A-10', 'J', 0),
(8, 1167, 'A-08', 'L', 0),
(8, 1168, 'A-02', 'L', 0),
(8, 1173, 'A-06', 'K', 0),
(8, 1174, 'A-03', 'M', 0),
(8, 1175, 'A-09', 'J', 0),
(8, 1178, 'A-03', 'L', 0),
(8, 1182, 'LQ-02', 'M', 0),
(8, 1189, 'LQ-02', 'K', 0),
(8, 1191, 'A-15', 'V', 0),
(8, 1198, 'A-15', 'L', 0),
(8, 1203, 'NAG-00', 'J', 0),
(8, 1204, 'NAG-00', 'K', 0),
(8, 1214, 'NAG-00', 'J', 0),
(8, 1217, 'A-11', 'L', 0),
(8, 1218, 'A-15', 'J', 0),
(8, 1221, 'A-15', 'K', 0),
(8, 1221, 'NAG-00', 'M', 0),
(8, 1222, 'NE-00', 'K', 0),
(8, 1223, 'T-04', 'K', 0),
(8, 1230, 'T-03', 'L', 0),
(8, 1233, 'A-10', 'M', 0),
(8, 1235, 'A-08', 'J', 0),
(8, 1241, 'LE-01', 'M', 0),
(8, 1245, 'A-14', 'J', 0),
(8, 1248, 'A-08', 'M', 0),
(8, 1250, 'A-15', 'M', 0),
(8, 1254, 'A-07', 'J', 0),
(8, 1257, 'A-13', 'K', 0),
(8, 1259, 'LB-02', 'J', 0),
(8, 1261, 'T-04', 'L', 0),
(8, 1271, 'T-03', 'K', 0),
(8, 1277, 'LP-01', 'V', 0),
(8, 1278, 'LP-01', 'J', 0),
(8, 1279, 'A-11', 'V', 0),
(8, 1281, 'T-05', 'K', 0),
(8, 1284, 'T-02', 'M', 0),
(8, 1286, 'T-05', 'L', 0),
(8, 1289, 'PSC-01', 'K', 0),
(8, 1296, 'G-01', 'J', 0),
(8, 1309, 'LE-01', 'M', 0),
(8, 1310, 'E-01', 'J', 0),
(8, 1310, 'E-01', 'K', 0),
(8, 1313, 'E-01', 'M', 0),
(8, 1313, 'E-01', 'V', 0),
(8, 1321, 'LE-02', 'M', 0),
(8, 1321, 'LE-02', 'V', 0),
(8, 1322, 'LE-02', 'J', 0),
(8, 1322, 'LE-02', 'K', 0),
(8, 1327, 'A-03', 'L', 0),
(8, 1328, 'A-13', 'L', 0),
(8, 1335, 'LP-01', 'M', 0),
(8, 1341, 'A-13', 'M', 0),
(8, 1371, 'A-03', 'M', 0),
(8, 1372, 'A-04', 'J', 0),
(8, 1387, 'A-08', 'L', 0),
(8, 1389, 'A-09', 'M', 0),
(8, 1395, 'A-05', 'L', 0),
(8, 1397, 'A-10', 'K', 0),
(8, 1405, 'A-09', 'J', 0),
(8, 1408, 'A-03', 'L', 0),
(8, 1408, 'A-04', 'M', 0),
(8, 1411, 'A-09', 'K', 0),
(8, 1416, 'LAG-01', 'J', 0),
(8, 1421, 'AUC-01', 'J', 0),
(8, 1425, 'LAB-01', 'L', 0),
(8, 1426, 'LAB-02', 'K', 0),
(8, 1427, 'LAB-01', 'M', 0),
(8, 1432, 'AUC-01', 'M', 0),
(8, 1433, 'AUC-01', 'K', 0),
(8, 1434, 'NCA-00', 'K', 0),
(8, 1435, 'AUC-01', 'V', 0),
(8, 1436, 'AUC-01', 'L', 0),
(8, 1442, 'A-04', 'K', 0),
(8, 1445, 'A-05', 'M', 0),
(8, 1449, 'A-08', 'J', 0),
(8, 1450, 'LP-01', 'K', 0),
(8, 1451, 'NAE-00', 'K', 0),
(8, 1453, 'A-07', 'K', 0),
(8, 1455, 'A-13', 'M', 0),
(8, 1458, 'A-04', 'L', 0),
(8, 1462, 'T-03', 'J', 0),
(8, 1465, 'A-04', 'M', 0),
(8, 1475, 'A-15', 'J', 0),
(8, 1476, 'A-15', 'J', 0),
(8, 1477, 'LAG-01', 'M', 0),
(8, 1478, 'LAG-01', 'M', 0),
(8, 1479, 'LAG-01', 'M', 0),
(8, 1480, 'A-15', 'K', 0),
(8, 1481, 'A-15', 'K', 0),
(8, 1492, 'A-15', 'M', 0),
(8, 1493, 'NAG-00', 'M', 0),
(8, 1500, 'NAG-00', 'L', 0),
(8, 1501, 'A-15', 'L', 0),
(8, 1509, 'T-01', 'M', 0),
(8, 1510, 'NAG-00', 'K', 0),
(8, 1529, 'A-09', 'K', 0),
(8, 1536, 'A-06', 'J', 0),
(8, 1538, 'A-13', 'L', 0),
(8, 1542, 'A-13', 'K', 0),
(8, 1544, 'A-13', 'V', 0),
(8, 1547, 'NPI-00', 'V', 0),
(8, 1549, 'NPI-00', 'K', 0),
(8, 1553, 'LAB-01', 'J', 0),
(8, 1579, 'A-06', 'L', 0),
(8, 1587, 'A-07', 'J', 0),
(8, 1587, 'A-02', 'M', 0),
(8, 1589, 'A-14', 'K', 0),
(8, 1593, 'A-03', 'M', 0),
(8, 1594, 'A-03', 'K', 0),
(8, 1595, 'A-03', 'J', 0),
(8, 1595, 'A-03', 'L', 0),
(8, 1604, 'A-05', 'L', 0),
(8, 1609, 'A-02', 'J', 0),
(8, 1610, 'A-02', 'K', 0),
(8, 1617, 'A-07', 'M', 0),
(8, 1622, 'LQ-01', 'M', 0),
(8, 1623, 'LQ-01', 'J', 0),
(8, 1624, 'LQ-02', 'J', 0),
(8, 1627, 'LQ-02', 'M', 0),
(8, 1628, 'LQ-02', 'J', 0),
(8, 1631, 'A-08', 'K', 0),
(8, 1634, 'A-06', 'K', 0),
(8, 1634, 'A-06', 'M', 0),
(8, 1651, 'LF-01', 'K', 0),
(8, 1652, 'A-04', 'J', 0),
(8, 1652, 'A-05', 'K', 0),
(8, 1655, 'LQ-02', 'L', 0),
(8, 1656, 'LF-01', 'M', 0),
(8, 1660, 'A-13', 'J', 0),
(8, 1667, 'A-15', 'J', 0),
(8, 1668, 'LP-01', 'J', 0),
(8, 1671, 'LP-01', 'L', 0),
(8, 1674, 'LE-01', 'M', 0),
(8, 1676, 'E-01', 'J', 0),
(8, 1676, 'E-01', 'K', 0),
(8, 1679, 'E-01', 'M', 0),
(8, 1679, 'E-01', 'V', 0),
(8, 1683, 'LE-02', 'M', 0),
(8, 1684, 'LE-02', 'J', 0),
(8, 1684, 'LE-02', 'K', 0),
(8, 1690, 'LE-02', 'V', 0),
(8, 1692, 'LE-01', 'J', 0),
(8, 1692, 'LE-01', 'K', 0),
(8, 1694, 'A-10', 'J', 0),
(8, 1697, 'A-08', 'L', 0),
(8, 1699, 'A-10', 'L', 0),
(8, 1707, 'A-08', 'M', 0),
(8, 1709, 'A-11', 'M', 0),
(8, 1712, 'A-09', 'L', 0),
(8, 1714, 'A-14', 'J', 0),
(8, 1719, 'T-04', 'M', 0),
(8, 1720, 'A-09', 'J', 0),
(8, 1725, 'A-07', 'L', 0),
(8, 1734, 'A-02', 'L', 0),
(8, 1737, 'A-06', 'V', 0),
(8, 1743, 'NE-00', 'L', 0),
(8, 1746, 'NE-00', 'L', 0),
(8, 1747, 'A-05', 'J', 0),
(8, 1750, 'T-04', 'J', 0),
(9, 14, 'LAG-01', 'M', 0),
(9, 17, 'LAB-01', 'J', 0),
(9, 18, 'AUC-01', 'K', 0),
(9, 19, 'AUC-01', 'L', 0),
(9, 21, 'LAB-02', 'J', 0),
(9, 23, 'LAB-01', 'M', 0),
(9, 24, 'LAB-01', 'L', 0),
(9, 25, 'LAB-02', 'K', 0),
(9, 28, 'LAB-02', 'L', 0),
(9, 29, 'LP-01', 'J', 0),
(9, 30, 'AUC-01', 'M', 0),
(9, 32, 'A-14', 'J', 0),
(9, 33, 'A-09', 'L', 0),
(9, 39, 'T-04', 'K', 0),
(9, 41, 'LMV-01', 'L', 0),
(9, 1001, 'LAB-01', 'J', 0),
(9, 1001, 'LAB-02', 'K', 0),
(9, 1003, 'LAG-01', 'K', 0),
(9, 1005, 'AUC-01', 'M', 0),
(9, 1013, 'LAB-01', 'L', 0),
(9, 1014, 'LAB-01', 'K', 0),
(9, 1015, 'LAB-01', 'M', 0),
(9, 1016, 'LAB-02', 'J', 0),
(9, 1019, 'LAB-02', 'M', 0),
(9, 1020, 'A-14', 'K', 0),
(9, 1023, 'A-07', 'M', 0),
(9, 1025, 'A-11', 'M', 0),
(9, 1026, 'LAB-02', 'L', 0),
(9, 1027, 'AUC-01', 'J', 0),
(9, 1028, 'AUC-01', 'K', 0),
(9, 1053, 'A-11', 'K', 0),
(9, 1055, 'A-02', 'K', 0),
(9, 1057, 'A-07', 'J', 0),
(9, 1057, 'A-07', 'L', 0),
(9, 1060, 'A-06', 'M', 0),
(9, 1061, 'A-07', 'K', 0),
(9, 1068, 'LB-02', 'J', 0),
(9, 1069, 'A-06', 'L', 0),
(9, 1075, 'A-13', 'J', 0),
(9, 1078, 'A-10', 'K', 0),
(9, 1082, 'A-09', 'M', 0),
(9, 1083, 'A-13', 'M', 0),
(9, 1085, 'A-10', 'L', 0),
(9, 1085, 'T-04', 'M', 0),
(9, 1086, 'T-03', 'M', 0),
(9, 1087, 'A-14', 'L', 0),
(9, 1087, 'A-14', 'M', 0),
(9, 1098, 'A-04', 'M', 0),
(9, 1099, 'LF-01', 'K', 0),
(9, 1105, 'A-06', 'J', 0),
(9, 1105, 'A-09', 'K', 0),
(9, 1112, 'LQ-01', 'M', 0),
(9, 1114, 'LQ-01', 'K', 0),
(9, 1116, 'LQ-02', 'M', 0),
(9, 1122, 'A-04', 'J', 0),
(9, 1126, 'T-04', 'J', 0),
(9, 1129, 'A-04', 'K', 0),
(9, 1131, 'LP-01', 'M', 0),
(9, 1133, 'E-01', 'J', 0),
(9, 1136, 'LE-01', 'L', 0),
(9, 1143, 'LE-02', 'J', 0),
(9, 1143, 'LE-02', 'K', 0),
(9, 1145, 'A-03', 'K', 0),
(9, 1150, 'A-08', 'K', 0),
(9, 1157, 'A-03', 'J', 0),
(9, 1160, 'A-05', 'K', 0),
(9, 1165, 'A-10', 'J', 0),
(9, 1167, 'A-08', 'L', 0),
(9, 1168, 'A-02', 'L', 0),
(9, 1173, 'A-06', 'K', 0),
(9, 1174, 'A-03', 'M', 0),
(9, 1175, 'A-09', 'J', 0),
(9, 1185, 'A-05', 'M', 0),
(9, 1186, 'A-02', 'J', 0),
(9, 1186, 'A-02', 'M', 0),
(9, 1188, 'LQ-02', 'J', 0),
(9, 1191, 'A-15', 'V', 0),
(9, 1198, 'A-15', 'L', 0),
(9, 1199, 'LAG-01', 'M', 0),
(9, 1205, 'NAG-00', 'K', 0),
(9, 1207, 'NAG-00', 'J', 0),
(9, 1217, 'A-11', 'L', 0),
(9, 1218, 'A-15', 'J', 0),
(9, 1221, 'A-15', 'K', 0),
(9, 1222, 'NE-00', 'K', 0),
(9, 1222, 'NAG-00', 'M', 0),
(9, 1223, 'T-04', 'K', 0),
(9, 1230, 'T-03', 'L', 0),
(9, 1233, 'A-10', 'M', 0),
(9, 1239, 'LE-01', 'K', 0),
(9, 1245, 'A-14', 'J', 0),
(9, 1248, 'A-08', 'M', 0),
(9, 1250, 'A-15', 'M', 0),
(9, 1253, 'A-13', 'L', 0),
(9, 1257, 'A-13', 'K', 0),
(9, 1260, 'LB-01', 'J', 0),
(9, 1261, 'T-04', 'L', 0),
(9, 1271, 'T-03', 'K', 0),
(9, 1275, 'LP-01', 'K', 0),
(9, 1277, 'LP-01', 'J', 0),
(9, 1279, 'A-11', 'V', 0),
(9, 1280, 'T-05', 'L', 0),
(9, 1282, 'T-05', 'J', 0),
(9, 1285, 'T-02', 'J', 0),
(9, 1288, 'T-05', 'M', 0),
(9, 1289, 'PSC-01', 'K', 0),
(9, 1292, 'G-01', 'K', 0),
(9, 1293, 'G-01', 'L', 0),
(9, 1294, 'G-01', 'M', 0),
(9, 1296, 'G-01', 'J', 0),
(9, 1308, 'LE-01', 'L', 0),
(9, 1312, 'LE-01', 'M', 0),
(9, 1317, 'LE-01', 'J', 0),
(9, 1317, 'LE-01', 'K', 0),
(9, 1326, 'A-03', 'J', 0),
(9, 1327, 'A-03', 'L', 0),
(9, 1328, 'A-13', 'L', 0),
(9, 1335, 'LP-01', 'M', 0),
(9, 1341, 'A-13', 'M', 0),
(9, 1371, 'A-03', 'M', 0),
(9, 1372, 'A-04', 'J', 0),
(9, 1387, 'A-08', 'L', 0),
(9, 1389, 'A-09', 'M', 0),
(9, 1395, 'A-05', 'L', 0),
(9, 1402, 'A-06', 'M', 0),
(9, 1405, 'A-09', 'J', 0),
(9, 1408, 'A-04', 'M', 0),
(9, 1409, 'A-04', 'L', 0),
(9, 1411, 'A-09', 'K', 0),
(9, 1416, 'LAG-01', 'J', 0),
(9, 1419, 'AUC-01', 'J', 0),
(9, 1420, 'AUC-01', 'K', 0),
(9, 1423, 'LAB-01', 'J', 0),
(9, 1425, 'LAB-01', 'K', 0),
(9, 1426, 'LAB-01', 'L', 0),
(9, 1433, 'AUC-01', 'M', 0),
(9, 1434, 'NCA-00', 'K', 0),
(9, 1435, 'AUC-01', 'V', 0),
(9, 1442, 'A-04', 'K', 0),
(9, 1445, 'A-05', 'M', 0),
(9, 1449, 'A-08', 'J', 0),
(9, 1450, 'LP-01', 'K', 0),
(9, 1453, 'A-07', 'K', 0),
(9, 1455, 'A-13', 'M', 0),
(9, 1458, 'A-04', 'L', 0),
(9, 1462, 'T-03', 'J', 0),
(9, 1465, 'A-04', 'M', 0),
(9, 1475, 'A-15', 'J', 0),
(9, 1476, 'A-15', 'J', 0),
(9, 1477, 'LAG-01', 'M', 0),
(9, 1478, 'LAG-01', 'M', 0),
(9, 1479, 'LAG-01', 'M', 0),
(9, 1480, 'A-15', 'K', 0),
(9, 1481, 'A-15', 'K', 0),
(9, 1492, 'A-15', 'M', 0),
(9, 1493, 'NAG-00', 'M', 0),
(9, 1500, 'NAG-00', 'L', 0),
(9, 1501, 'T-01', 'L', 0),
(9, 1510, 'NAG-00', 'K', 0),
(9, 1529, 'A-09', 'K', 0),
(9, 1534, 'A-09', 'M', 0),
(9, 1536, 'A-06', 'J', 0),
(9, 1538, 'A-13', 'L', 0),
(9, 1542, 'A-13', 'K', 0),
(9, 1544, 'A-13', 'V', 0),
(9, 1547, 'NPI-00', 'V', 0),
(9, 1549, 'NPI-00', 'K', 0),
(9, 1553, 'LAB-01', 'M', 0),
(9, 1579, 'A-06', 'L', 0),
(9, 1583, 'A-14', 'K', 0),
(9, 1584, 'A-07', 'L', 0),
(9, 1594, 'A-03', 'K', 0),
(9, 1594, 'A-03', 'M', 0),
(9, 1595, 'A-03', 'L', 0),
(9, 1597, 'A-03', 'J', 0),
(9, 1603, 'A-07', 'M', 0),
(9, 1604, 'A-02', 'J', 0),
(9, 1608, 'A-04', 'J', 0),
(9, 1609, 'A-02', 'K', 0),
(9, 1615, 'A-08', 'K', 0),
(9, 1620, 'LQ-01', 'M', 0),
(9, 1625, 'LQ-01', 'J', 0),
(9, 1629, 'LQ-01', 'K', 0),
(9, 1630, 'LQ-02', 'M', 0),
(9, 1649, 'LF-01', 'J', 0),
(9, 1652, 'A-05', 'K', 0),
(9, 1657, 'LF-01', 'K', 0),
(9, 1658, 'LF-01', 'M', 0),
(9, 1661, 'A-06', 'K', 0),
(9, 1667, 'A-15', 'J', 0),
(9, 1668, 'LP-01', 'L', 0),
(9, 1671, 'LP-01', 'J', 0),
(9, 1678, 'NE-00', 'M', 0),
(9, 1680, 'E-01', 'M', 0),
(9, 1680, 'NE-00', 'V', 0),
(9, 1686, 'LE-01', 'K', 0),
(9, 1690, 'LE-02', 'V', 0),
(9, 1691, 'E-01', 'J', 0),
(9, 1693, 'A-02', 'M', 0),
(9, 1694, 'A-10', 'J', 0),
(9, 1697, 'A-08', 'L', 0),
(9, 1699, 'A-10', 'L', 0),
(9, 1703, 'A-10', 'M', 0),
(9, 1707, 'A-08', 'M', 0),
(9, 1709, 'A-11', 'M', 0),
(9, 1710, 'A-14', 'M', 0),
(9, 1712, 'A-09', 'L', 0),
(9, 1714, 'A-14', 'J', 0),
(9, 1719, 'T-04', 'M', 0),
(9, 1720, 'A-09', 'J', 0),
(9, 1728, 'A-06', 'M', 0),
(9, 1729, 'A-07', 'J', 0),
(9, 1732, 'A-05', 'L', 0),
(9, 1734, 'A-02', 'L', 0),
(9, 1737, 'A-06', 'V', 0),
(9, 1747, 'A-05', 'J', 0),
(9, 1750, 'T-04', 'J', 0),
(10, 14, 'LAG-01', 'M', 0),
(10, 17, 'LAB-01', 'J', 0),
(10, 18, 'AUC-01', 'K', 0),
(10, 19, 'AUC-01', 'L', 0),
(10, 21, 'LAB-02', 'J', 0),
(10, 23, 'LAB-01', 'M', 0),
(10, 24, 'LAB-01', 'L', 0),
(10, 25, 'LAB-02', 'K', 0),
(10, 28, 'LAB-02', 'L', 0),
(10, 29, 'LP-01', 'J', 0),
(10, 30, 'AUC-01', 'M', 0),
(10, 32, 'A-14', 'J', 0),
(10, 33, 'A-09', 'L', 0),
(10, 39, 'T-04', 'K', 0),
(10, 41, 'LMV-01', 'L', 0),
(10, 1001, 'LAB-01', 'J', 0),
(10, 1001, 'LAB-02', 'K', 0),
(10, 1003, 'LAG-01', 'K', 0),
(10, 1005, 'AUC-01', 'M', 0),
(10, 1013, 'LAB-01', 'L', 0),
(10, 1014, 'LAB-01', 'K', 0),
(10, 1015, 'LAB-01', 'M', 0),
(10, 1016, 'LAB-02', 'J', 0),
(10, 1019, 'LAB-02', 'M', 0),
(10, 1020, 'A-14', 'K', 0),
(10, 1023, 'A-07', 'M', 0),
(10, 1025, 'A-11', 'M', 0),
(10, 1026, 'LAB-02', 'L', 0),
(10, 1027, 'AUC-01', 'J', 0),
(10, 1028, 'AUC-01', 'K', 0),
(10, 1053, 'A-11', 'K', 0),
(10, 1055, 'A-02', 'K', 0),
(10, 1057, 'A-07', 'J', 0),
(10, 1057, 'A-07', 'L', 0),
(10, 1060, 'A-06', 'M', 0),
(10, 1061, 'A-07', 'K', 0),
(10, 1068, 'LB-02', 'J', 0),
(10, 1075, 'A-13', 'J', 0),
(10, 1085, 'A-10', 'L', 0),
(10, 1085, 'T-04', 'M', 0),
(10, 1087, 'A-14', 'L', 0),
(10, 1087, 'A-14', 'M', 0),
(10, 1094, 'A-10', 'K', 0),
(10, 1098, 'A-04', 'M', 0),
(10, 1099, 'LF-01', 'K', 0),
(10, 1105, 'A-06', 'J', 0),
(10, 1112, 'LQ-01', 'M', 0),
(10, 1114, 'LQ-01', 'K', 0),
(10, 1116, 'LQ-02', 'M', 0),
(10, 1122, 'A-04', 'J', 0),
(10, 1126, 'T-04', 'J', 0),
(10, 1129, 'A-04', 'K', 0),
(10, 1131, 'LP-01', 'M', 0),
(10, 1133, 'E-01', 'J', 0),
(10, 1136, 'LE-01', 'L', 0),
(10, 1143, 'LE-02', 'J', 0),
(10, 1143, 'LE-02', 'K', 0),
(10, 1145, 'A-03', 'K', 0),
(10, 1150, 'A-08', 'K', 0),
(10, 1157, 'A-03', 'J', 0),
(10, 1160, 'A-05', 'K', 0),
(10, 1171, 'A-09', 'M', 0),
(10, 1176, 'A-08', 'J', 0),
(10, 1176, 'A-06', 'K', 0),
(10, 1185, 'A-05', 'M', 0),
(10, 1186, 'A-02', 'J', 0),
(10, 1186, 'A-02', 'M', 0),
(10, 1188, 'LQ-02', 'J', 0),
(10, 1198, 'NAG-00', 'L', 0),
(10, 1199, 'LAG-01', 'M', 0),
(10, 1205, 'NAG-00', 'K', 0),
(10, 1207, 'NAG-00', 'J', 0),
(10, 1215, 'A-13', 'M', 0),
(10, 1218, 'A-15', 'J', 0),
(10, 1222, 'NAG-00', 'M', 0),
(10, 1223, 'T-04', 'K', 0),
(10, 1230, 'T-03', 'L', 0),
(10, 1239, 'LE-01', 'K', 0),
(10, 1245, 'A-14', 'J', 0),
(10, 1248, 'A-08', 'M', 0),
(10, 1250, 'A-15', 'M', 0),
(10, 1253, 'A-13', 'L', 0),
(10, 1257, 'A-13', 'K', 0),
(10, 1260, 'LB-01', 'J', 0),
(10, 1261, 'T-04', 'L', 0),
(10, 1271, 'T-03', 'K', 0),
(10, 1274, 'T-03', 'J', 0),
(10, 1275, 'LP-01', 'K', 0),
(10, 1277, 'LP-01', 'J', 0),
(10, 1279, 'A-11', 'V', 0),
(10, 1280, 'T-05', 'L', 0),
(10, 1282, 'T-05', 'J', 0),
(10, 1285, 'T-02', 'J', 0),
(10, 1288, 'T-05', 'M', 0),
(10, 1292, 'G-01', 'K', 0),
(10, 1293, 'G-01', 'L', 0),
(10, 1294, 'G-01', 'M', 0),
(10, 1308, 'LE-01', 'L', 0),
(10, 1312, 'LE-01', 'M', 0),
(10, 1317, 'LE-01', 'J', 0),
(10, 1317, 'LE-01', 'K', 0),
(10, 1326, 'A-03', 'J', 0),
(10, 1328, 'A-13', 'L', 0),
(10, 1335, 'LP-01', 'M', 0),
(10, 1341, 'A-13', 'M', 0),
(10, 1371, 'A-03', 'M', 0),
(10, 1372, 'A-04', 'J', 0),
(10, 1387, 'A-08', 'L', 0),
(10, 1395, 'A-05', 'L', 0),
(10, 1402, 'A-06', 'M', 0),
(10, 1405, 'A-09', 'J', 0),
(10, 1409, 'A-04', 'L', 0),
(10, 1411, 'A-09', 'K', 0),
(10, 1416, 'LAG-01', 'J', 0),
(10, 1419, 'AUC-01', 'J', 0),
(10, 1420, 'AUC-01', 'K', 0),
(10, 1423, 'LAB-01', 'J', 0),
(10, 1425, 'LAB-01', 'K', 0),
(10, 1426, 'LAB-01', 'L', 0),
(10, 1433, 'AUC-01', 'M', 0),
(10, 1434, 'NCA-00', 'K', 0),
(10, 1435, 'AUC-01', 'V', 0),
(10, 1442, 'A-04', 'K', 0),
(10, 1445, 'A-05', 'M', 0),
(10, 1449, 'A-08', 'J', 0),
(10, 1450, 'LP-01', 'K', 0),
(10, 1453, 'A-07', 'K', 0),
(10, 1455, 'A-13', 'M', 0),
(10, 1458, 'A-04', 'L', 0),
(10, 1462, 'T-03', 'J', 0),
(10, 1465, 'A-04', 'M', 0),
(10, 1475, 'LEN-01', 'J', 0),
(10, 1477, 'LAG-01', 'M', 0),
(10, 1478, 'LAG-01', 'M', 0),
(10, 1479, 'LAG-01', 'M', 0),
(10, 1480, 'A-15', 'K', 0),
(10, 1481, 'A-15', 'K', 0),
(10, 1492, 'NAG-00', 'M', 0),
(10, 1493, 'NAG-00', 'M', 0),
(10, 1510, 'NAG-00', 'K', 0),
(10, 1534, 'A-09', 'M', 0),
(10, 1538, 'A-13', 'L', 0),
(10, 1542, 'A-13', 'K', 0),
(10, 1544, 'A-13', 'V', 0),
(10, 1547, 'NPI-00', 'V', 0),
(10, 1549, 'NPI-00', 'K', 0),
(10, 1553, 'LAB-01', 'M', 0),
(10, 1583, 'A-14', 'K', 0),
(10, 1584, 'A-07', 'L', 0),
(10, 1593, 'A-03', 'L', 0),
(10, 1594, 'A-03', 'M', 0),
(10, 1596, 'A-03', 'K', 0),
(10, 1597, 'A-03', 'J', 0),
(10, 1603, 'A-07', 'M', 0),
(10, 1604, 'A-02', 'J', 0),
(10, 1608, 'A-04', 'J', 0),
(10, 1609, 'A-02', 'K', 0),
(10, 1615, 'A-08', 'K', 0),
(10, 1618, 'A-09', 'K', 0),
(10, 1620, 'LQ-01', 'M', 0),
(10, 1625, 'LQ-01', 'J', 0),
(10, 1629, 'LQ-01', 'K', 0),
(10, 1630, 'LQ-02', 'M', 0),
(10, 1631, 'A-09', 'J', 0),
(10, 1645, 'LB-01', 'L', 0),
(10, 1649, 'LF-01', 'J', 0),
(10, 1652, 'A-05', 'K', 0),
(10, 1657, 'LF-01', 'K', 0),
(10, 1658, 'LF-01', 'M', 0),
(10, 1661, 'A-06', 'K', 0),
(10, 1668, 'LP-01', 'L', 0),
(10, 1671, 'LP-01', 'J', 0),
(10, 1678, 'NE-00', 'M', 0),
(10, 1680, 'E-01', 'M', 0),
(10, 1680, 'NE-00', 'V', 0),
(10, 1686, 'LE-01', 'K', 0),
(10, 1690, 'LE-02', 'V', 0),
(10, 1691, 'E-01', 'J', 0),
(10, 1693, 'A-02', 'M', 0),
(10, 1703, 'A-10', 'M', 0),
(10, 1710, 'A-14', 'M', 0),
(10, 1714, 'A-14', 'J', 0),
(10, 1719, 'T-04', 'M', 0),
(10, 1728, 'A-06', 'M', 0),
(10, 1729, 'A-07', 'J', 0),
(10, 1732, 'A-05', 'L', 0),
(10, 1747, 'A-05', 'J', 0),
(11, 1007, 'AUC-01', 'J', 0),
(11, 1007, 'AUC-01', 'K', 0),
(11, 1051, 'A-10', 'J', 0),
(11, 1052, 'A-09', 'J', 0),
(11, 1056, 'A-02', 'L', 0),
(11, 1085, 'A-10', 'L', 0),
(11, 1094, 'A-10', 'K', 0),
(11, 1126, 'T-04', 'J', 0),
(11, 1171, 'A-09', 'M', 0),
(11, 1176, 'A-08', 'J', 0),
(11, 1176, 'A-06', 'K', 0),
(11, 1179, 'A-03', 'M', 0),
(11, 1198, 'NAG-00', 'L', 0),
(11, 1206, 'A-15', 'K', 0),
(11, 1207, 'A-15', 'K', 0),
(11, 1215, 'A-13', 'M', 0),
(11, 1218, 'A-15', 'J', 0),
(11, 1250, 'A-15', 'M', 0),
(11, 1258, 'A-06', 'J', 0),
(11, 1264, 'LF-01', 'L', 0),
(11, 1271, 'T-03', 'K', 0),
(11, 1274, 'T-03', 'J', 0),
(11, 1326, 'A-03', 'J', 0),
(11, 1402, 'A-06', 'M', 0),
(11, 1409, 'A-04', 'L', 0),
(11, 1411, 'A-09', 'K', 0),
(11, 1477, 'LAG-01', 'M', 0),
(11, 1478, 'LAG-01', 'M', 0),
(11, 1479, 'LAG-01', 'M', 0),
(11, 1492, 'NAG-00', 'M', 0),
(11, 1493, 'NAG-00', 'M', 0),
(11, 1534, 'A-09', 'M', 0),
(11, 1583, 'A-14', 'K', 0),
(11, 1593, 'A-03', 'L', 0),
(11, 1596, 'A-03', 'K', 0),
(11, 1597, 'A-03', 'J', 0),
(11, 1618, 'A-09', 'K', 0),
(11, 1631, 'A-09', 'J', 0),
(11, 1645, 'LB-01', 'L', 0),
(11, 1667, 'NAG-00', 'J', 0),
(11, 1693, 'A-02', 'M', 0),
(11, 1703, 'A-10', 'M', 0),
(11, 1710, 'A-14', 'M', 0),
(11, 1729, 'A-07', 'J', 0),
(11, 1732, 'A-05', 'L', 0),
(12, 1007, 'AUC-01', 'J', 0),
(12, 1007, 'AUC-01', 'K', 0),
(12, 1051, 'A-10', 'J', 0),
(12, 1052, 'A-09', 'J', 0),
(12, 1056, 'A-02', 'L', 0),
(12, 1086, 'A-09', 'K', 0),
(12, 1094, 'A-10', 'K', 0),
(12, 1124, 'LP-01', 'M', 0),
(12, 1179, 'A-03', 'M', 0),
(12, 1195, 'A-15', 'L', 0),
(12, 1196, 'A-15', 'L', 0),
(12, 1197, 'A-15', 'L', 0),
(12, 1206, 'A-15', 'K', 0),
(12, 1207, 'A-15', 'K', 0),
(12, 1215, 'A-13', 'M', 0),
(12, 1235, 'A-13', 'K', 0),
(12, 1252, 'A-11', 'K', 0),
(12, 1258, 'A-06', 'J', 0),
(12, 1264, 'LF-01', 'L', 0),
(12, 1268, 'A-05', 'J', 0),
(12, 1268, 'A-05', 'K', 0),
(12, 1274, 'T-03', 'J', 0),
(12, 1326, 'A-03', 'J', 0),
(12, 1399, 'A-09', 'K', 0),
(12, 1476, 'NAG-00', 'J', 0),
(12, 1588, 'T-04', 'J', 0),
(12, 1588, 'T-04', 'K', 0),
(12, 1593, 'A-03', 'L', 0),
(12, 1596, 'A-03', 'K', 0),
(12, 1600, 'A-07', 'L', 0),
(12, 1600, 'A-08', 'M', 0),
(12, 1601, 'A-09', 'J', 0),
(12, 1601, 'A-07', 'K', 0),
(12, 1607, 'A-07', 'J', 0),
(12, 1607, 'A-07', 'M', 0),
(12, 1616, 'A-08', 'J', 0),
(12, 1616, 'A-08', 'K', 0),
(12, 1635, 'A-04', 'L', 0),
(12, 1641, 'A-09', 'M', 0),
(12, 1659, 'LF-01', 'J', 0),
(12, 1661, 'A-06', 'M', 0),
(12, 1663, 'A-05', 'L', 0),
(12, 1663, 'A-05', 'M', 0),
(12, 1664, 'A-05', 'J', 0),
(12, 1664, 'A-05', 'K', 0),
(12, 1716, 'A-10', 'K', 0),
(13, 1051, 'A-05', 'M', 0),
(13, 1052, 'A-09', 'J', 0),
(13, 1086, 'A-09', 'K', 0),
(13, 1088, 'A-03', 'L', 0),
(13, 1092, 'A-10', 'M', 0),
(13, 1093, 'A-10', 'L', 0),
(13, 1100, 'LF-01', 'K', 0),
(13, 1101, 'LF-01', 'J', 0),
(13, 1124, 'LP-01', 'M', 0),
(13, 1153, 'LAG-01', 'K', 0),
(13, 1195, 'A-15', 'L', 0),
(13, 1196, 'A-15', 'L', 0),
(13, 1197, 'A-15', 'L', 0),
(13, 1211, 'LAG-01', 'M', 0),
(13, 1215, 'A-13', 'M', 0),
(13, 1228, 'A-13', 'L', 0),
(13, 1235, 'A-13', 'K', 0),
(13, 1252, 'A-11', 'K', 0),
(13, 1258, 'A-06', 'J', 0),
(13, 1265, 'A-08', 'K', 0),
(13, 1265, 'A-07', 'L', 0),
(13, 1268, 'A-05', 'J', 0),
(13, 1268, 'A-05', 'K', 0),
(13, 1274, 'T-03', 'J', 0),
(13, 1287, 'T-05', 'M', 0),
(13, 1399, 'A-09', 'K', 0),
(13, 1588, 'T-04', 'J', 0),
(13, 1588, 'T-04', 'K', 0),
(13, 1600, 'A-07', 'L', 0),
(13, 1600, 'A-08', 'M', 0),
(13, 1601, 'A-09', 'J', 0),
(13, 1601, 'A-07', 'K', 0),
(13, 1606, 'A-06', 'K', 0),
(13, 1606, 'A-06', 'L', 0),
(13, 1607, 'A-07', 'J', 0),
(13, 1607, 'A-07', 'M', 0),
(13, 1616, 'A-08', 'J', 0),
(13, 1616, 'A-08', 'K', 0);
INSERT INTO `gruposhorarios` (`idhorario`, `idgrupo`, `idaula`, `dia`, `confirmado`) VALUES
(13, 1635, 'A-04', 'L', 0),
(13, 1635, 'A-03', 'M', 0),
(13, 1636, 'A-03', 'J', 0),
(13, 1636, 'A-03', 'K', 0),
(13, 1641, 'A-09', 'M', 0),
(13, 1647, 'LF-01', 'M', 0),
(13, 1659, 'LF-01', 'J', 0),
(13, 1661, 'A-06', 'M', 0),
(13, 1663, 'A-05', 'L', 0),
(13, 1663, 'A-05', 'M', 0),
(13, 1664, 'A-05', 'J', 0),
(13, 1664, 'A-05', 'K', 0),
(13, 1716, 'A-10', 'K', 0),
(13, 1721, 'A-03', 'L', 0),
(13, 1735, 'A-09', 'K', 0),
(13, 1739, 'A-04', 'M', 0),
(14, 1051, 'A-05', 'M', 0),
(14, 1086, 'A-09', 'K', 0),
(14, 1088, 'A-03', 'L', 0),
(14, 1092, 'A-10', 'M', 0),
(14, 1093, 'A-10', 'L', 0),
(14, 1100, 'LF-01', 'K', 0),
(14, 1101, 'LF-01', 'J', 0),
(14, 1124, 'LP-01', 'M', 0),
(14, 1153, 'LAG-01', 'K', 0),
(14, 1195, 'A-15', 'L', 0),
(14, 1196, 'A-15', 'L', 0),
(14, 1197, 'A-15', 'L', 0),
(14, 1211, 'LAG-01', 'M', 0),
(14, 1228, 'A-13', 'L', 0),
(14, 1252, 'A-11', 'K', 0),
(14, 1265, 'A-08', 'K', 0),
(14, 1265, 'A-07', 'L', 0),
(14, 1287, 'T-05', 'M', 0),
(14, 1399, 'A-09', 'K', 0),
(14, 1606, 'A-06', 'K', 0),
(14, 1606, 'A-06', 'L', 0),
(14, 1635, 'A-03', 'M', 0),
(14, 1636, 'A-03', 'J', 0),
(14, 1636, 'A-03', 'K', 0),
(14, 1641, 'A-09', 'M', 0),
(14, 1647, 'LF-01', 'M', 0),
(14, 1716, 'A-10', 'K', 0),
(14, 1721, 'A-03', 'L', 0),
(14, 1735, 'A-09', 'K', 0),
(14, 1739, 'A-04', 'M', 0),
(15, 1088, 'A-03', 'L', 0),
(15, 1092, 'A-10', 'M', 0),
(15, 1093, 'A-10', 'L', 0),
(15, 1153, 'LAG-01', 'K', 0),
(15, 1211, 'LAG-01', 'M', 0),
(15, 1716, 'A-10', 'K', 0),
(15, 1721, 'A-03', 'L', 0),
(15, 1735, 'A-09', 'K', 0),
(15, 1739, 'A-04', 'M', 0),
(16, 1088, 'A-03', 'L', 0),
(16, 1211, 'LAG-01', 'M', 0);

-- --------------------------------------------------------

--
-- Estructura de tabla para la tabla `gruposprofesores`
--

CREATE TABLE IF NOT EXISTS `gruposprofesores` (
  `idGrupo` int(11) NOT NULL DEFAULT '0',
  `idProfesor` int(11) NOT NULL DEFAULT '0',
  `porcentaje` tinyint(4) DEFAULT NULL,
  `confirmado` tinyint(4) NOT NULL DEFAULT '0',
  PRIMARY KEY (`idGrupo`,`idProfesor`),
  KEY `idProfesor` (`idProfesor`)
) ENGINE=InnoDB DEFAULT CHARSET=utf8;

--
-- Volcado de datos para la tabla `gruposprofesores`
--

INSERT INTO `gruposprofesores` (`idGrupo`, `idProfesor`, `porcentaje`, `confirmado`) VALUES
(1001, 7, 100, 0),
(1002, 7, 100, 0),
(1003, 5, 100, 0),
(1004, 5, 100, 0),
(1005, 87, 100, 0),
(1006, 87, 100, 0),
(1007, 13, 100, 0),
(1008, 2, 100, 0),
(1009, 15, 100, 0),
(1010, 2, 100, 0),
(1011, 15, 100, 0),
(1012, 5, 100, 0),
(1013, 5, 100, 0),
(1014, 10, 100, 0),
(1015, 3, 100, 0),
(1016, 84, 100, 0),
(1017, 84, 100, 0),
(1018, 84, 100, 0),
(1019, 10, 100, 0),
(1020, 12, 100, 0),
(1021, 7, 100, 0),
(1023, 6, 100, 0),
(1024, 9, 100, 0),
(1025, 9, 100, 0),
(1026, 11, 100, 0),
(1027, 14, 100, 0),
(1028, 6, 100, 0),
(1029, 2, 100, 0),
(1030, 12, 100, 0),
(1046, 18, 100, 0),
(1047, 19, 100, 0),
(1048, 20, 100, 0),
(1049, 20, 100, 0),
(1050, 22, 100, 0),
(1051, 91, 100, 0),
(1052, 23, 100, 0),
(1053, 92, 100, 0),
(1054, 24, 100, 0),
(1055, 25, 100, 0),
(1056, 101, 50, 0),
(1057, 26, 100, 0),
(1058, 26, 100, 0),
(1060, 28, 100, 0),
(1061, 28, 100, 0),
(1062, 30, 100, 0),
(1064, 30, 100, 0),
(1066, 30, 100, 0),
(1067, 30, 100, 0),
(1068, 30, 100, 0),
(1069, 18, 100, 0),
(1070, 29, 100, 0),
(1071, 17, 100, 0),
(1075, 22, 100, 0),
(1076, 21, 100, 0),
(1077, 21, 100, 0),
(1078, 21, 100, 0),
(1082, 17, 100, 0),
(1083, 18, 100, 0),
(1084, 33, 100, 0),
(1085, 20, 100, 0),
(1086, 33, 100, 0),
(1087, 16, 100, 0),
(1088, 34, 100, 0),
(1089, 24, 100, 0),
(1090, 24, 100, 0),
(1091, 92, 100, 0),
(1092, 92, 100, 0),
(1093, 23, 100, 0),
(1094, 35, 100, 0),
(1095, 35, 100, 0),
(1096, 36, 100, 0),
(1097, 37, 100, 0),
(1098, 38, 100, 0),
(1099, 38, 100, 0),
(1100, 36, 100, 0),
(1101, 36, 100, 0),
(1102, 38, 100, 0),
(1103, 38, 100, 0),
(1104, 37, 100, 0),
(1105, 39, 100, 0),
(1106, 39, 100, 0),
(1107, 28, 100, 0),
(1108, 26, 100, 0),
(1110, 39, 100, 0),
(1111, 40, 100, 0),
(1112, 41, 100, 0),
(1113, 40, 100, 0),
(1114, 41, 100, 0),
(1115, 40, 50, 0),
(1115, 41, 50, 0),
(1116, 42, 100, 0),
(1117, 41, 100, 0),
(1118, 41, 100, 0),
(1119, 40, 100, 0),
(1120, 61, 100, 0),
(1122, 62, 100, 0),
(1123, 63, 100, 0),
(1124, 8, 100, 0),
(1125, 76, 100, 0),
(1126, 76, 100, 0),
(1127, 62, 100, 0),
(1129, 65, 100, 0),
(1130, 66, 100, 0),
(1131, 66, 100, 0),
(1132, 67, 100, 0),
(1133, 67, 100, 0),
(1145, 70, 100, 0),
(1146, 71, 100, 0),
(1147, 70, 100, 0),
(1148, 71, 100, 0),
(1150, 74, 100, 0),
(1151, 62, 100, 0),
(1152, 2, 100, 0),
(1153, 12, 100, 0),
(1155, 70, 100, 0),
(1156, 74, 100, 0),
(1157, 77, 100, 0),
(1158, 110, 100, 0),
(1159, 76, 100, 0),
(1160, 79, 100, 0),
(1161, 89, 100, 0),
(1162, 110, 100, 0),
(1163, 16, 100, 0),
(1164, 32, 50, 0),
(1164, 86, 50, 0),
(1165, 91, 100, 0),
(1166, 22, 100, 0),
(1167, 17, 100, 0),
(1168, 29, 100, 0),
(1169, 16, 100, 0),
(1170, 20, 100, 0),
(1171, 23, 100, 0),
(1172, 92, 100, 0),
(1173, 24, 100, 0),
(1174, 35, 100, 0),
(1175, 35, 100, 0),
(1176, 36, 100, 0),
(1178, 25, 50, 0),
(1178, 101, 50, 0),
(1179, 27, 100, 0),
(1182, 42, 100, 0),
(1183, 43, 100, 0),
(1184, 43, 100, 0),
(1185, 40, 100, 0),
(1186, 43, 100, 0),
(1187, 43, 100, 0),
(1188, 42, 100, 0),
(1189, 42, 100, 0),
(1190, 42, 100, 0),
(1191, 52, 100, 0),
(1192, 44, 100, 0),
(1192, 45, 100, 0),
(1192, 59, 100, 0),
(1193, 44, 100, 0),
(1193, 45, 100, 0),
(1193, 59, 100, 0),
(1194, 44, 100, 0),
(1194, 45, 100, 0),
(1194, 59, 100, 0),
(1195, 46, 100, 0),
(1195, 47, 100, 0),
(1195, 48, 100, 0),
(1196, 46, 100, 0),
(1196, 47, 100, 0),
(1196, 48, 100, 0),
(1197, 46, 100, 0),
(1197, 47, 100, 0),
(1197, 48, 100, 0),
(1199, 49, 100, 0),
(1200, 59, 100, 0),
(1200, 81, 100, 0),
(1201, 51, 50, 0),
(1201, 60, 50, 0),
(1202, 46, 100, 0),
(1202, 47, 100, 0),
(1202, 48, 100, 0),
(1203, 46, 100, 0),
(1203, 47, 100, 0),
(1203, 48, 100, 0),
(1204, 52, 100, 0),
(1204, 53, 100, 0),
(1205, 52, 100, 0),
(1205, 53, 100, 0),
(1206, 52, 100, 0),
(1206, 53, 100, 0),
(1207, 52, 100, 0),
(1207, 53, 100, 0),
(1208, 54, 100, 0),
(1208, 83, 100, 0),
(1209, 50, 100, 0),
(1210, 50, 100, 0),
(1211, 49, 100, 0),
(1212, 48, 100, 0),
(1213, 44, 100, 0),
(1213, 55, 100, 0),
(1214, 44, 100, 0),
(1214, 55, 100, 0),
(1215, 46, 100, 0),
(1216, 57, 100, 0),
(1216, 81, 100, 0),
(1217, 50, 100, 0),
(1218, 59, 100, 0),
(1218, 81, 100, 0),
(1219, 90, 100, 0),
(1220, 59, 100, 0),
(1221, 60, 100, 0),
(1222, 60, 100, 0),
(1223, 80, 100, 0),
(1226, 85, 100, 0),
(1227, 32, 50, 0),
(1227, 86, 50, 0),
(1228, 87, 100, 0),
(1229, 88, 100, 0),
(1232, 88, 100, 0),
(1233, 22, 100, 0),
(1234, 38, 100, 0),
(1235, 25, 100, 0),
(1238, 64, 100, 0),
(1245, 70, 100, 0),
(1248, 77, 100, 0),
(1249, 2, 100, 0),
(1250, 56, 100, 0),
(1252, 23, 100, 0),
(1253, 101, 100, 0),
(1254, 27, 100, 0),
(1257, 72, 100, 0),
(1258, 31, 100, 0),
(1259, 86, 100, 0),
(1260, 86, 100, 0),
(1261, 85, 100, 0),
(1265, 38, 100, 0),
(1268, 101, 100, 0),
(1269, 39, 50, 0),
(1269, 101, 50, 0),
(1271, 76, 100, 0),
(1272, 50, 100, 0),
(1274, 71, 100, 0),
(1275, 93, 100, 0),
(1276, 94, 100, 0),
(1277, 93, 100, 0),
(1278, 93, 100, 0),
(1279, 94, 100, 0),
(1280, 96, 100, 0),
(1281, 95, 100, 0),
(1282, 96, 100, 0),
(1283, 97, 100, 0),
(1284, 97, 100, 0),
(1285, 97, 100, 0),
(1286, 95, 100, 0),
(1287, 95, 100, 0),
(1288, 96, 100, 0),
(1289, 98, 100, 0),
(1290, 98, 100, 0),
(1291, 97, 100, 0),
(1292, 99, 100, 0),
(1293, 100, 100, 0),
(1294, 100, 100, 0),
(1295, 100, 100, 0),
(1296, 99, 100, 0),
(1297, 99, 100, 0),
(1308, 102, 100, 0),
(1309, 108, 100, 0),
(1310, 108, 100, 0),
(1311, 105, 100, 0),
(1312, 111, 100, 0),
(1313, 107, 100, 0),
(1314, 108, 100, 0),
(1315, 110, 100, 0),
(1316, 110, 100, 0),
(1317, 111, 100, 0),
(1318, 61, 100, 0),
(1319, 107, 100, 0),
(1321, 111, 100, 0),
(1322, 111, 100, 0),
(1323, 108, 100, 0),
(1324, 108, 100, 0),
(1325, 70, 100, 0),
(1326, 71, 100, 0),
(1327, 76, 100, 0),
(1328, 74, 100, 0),
(1332, 12, 100, 0),
(1335, 2, 100, 0),
(1338, 70, 100, 0),
(1341, 70, 100, 0),
(1342, 70, 100, 0),
(1344, 79, 100, 0),
(1346, 77, 100, 0),
(1347, 62, 100, 0),
(1367, 74, 100, 0),
(1371, 76, 100, 0),
(1372, 62, 100, 0),
(1387, 29, 100, 0),
(1388, 20, 100, 0),
(1395, 16, 100, 0),
(1396, 19, 100, 0),
(1397, 112, 100, 0),
(1398, 112, 100, 0),
(1399, 112, 100, 0),
(1400, 35, 100, 0),
(1401, 35, 100, 0),
(1402, 24, 100, 0),
(1405, 24, 100, 0),
(1407, 39, 100, 0),
(1408, 39, 100, 0),
(1409, 39, 100, 0),
(1411, 27, 100, 0),
(1414, 2, 100, 0),
(1415, 87, 100, 0),
(1416, 15, 100, 0),
(1417, 5, 100, 0),
(1418, 5, 100, 0),
(1419, 87, 100, 0),
(1420, 87, 100, 0),
(1421, 3, 100, 0),
(1422, 2, 100, 0),
(1423, 3, 100, 0),
(1425, 10, 100, 0),
(1426, 5, 100, 0),
(1427, 9, 100, 0),
(1428, 84, 100, 0),
(1429, 1, 50, 0),
(1429, 8, 50, 0),
(1430, 12, 100, 0),
(1431, 7, 100, 0),
(1432, 14, 100, 0),
(1433, 7, 100, 0),
(1434, 6, 100, 0),
(1435, 9, 100, 0),
(1436, 11, 100, 0),
(1437, 14, 100, 0),
(1438, 6, 100, 0),
(1442, 70, 100, 0),
(1443, 76, 100, 0),
(1444, 70, 100, 0),
(1445, 71, 100, 0),
(1447, 89, 100, 0),
(1448, 74, 100, 0),
(1449, 62, 100, 0),
(1450, 12, 100, 0),
(1451, 2, 100, 0),
(1453, 74, 100, 0),
(1454, 77, 100, 0),
(1455, 79, 100, 0),
(1458, 76, 100, 0),
(1460, 79, 100, 0),
(1462, 80, 100, 0),
(1465, 77, 100, 0),
(1466, 89, 100, 0),
(1467, 79, 100, 0),
(1468, 46, 100, 0),
(1468, 59, 100, 0),
(1469, 46, 100, 0),
(1469, 59, 100, 0),
(1470, 59, 100, 0),
(1471, 50, 100, 0),
(1472, 50, 100, 0),
(1474, 50, 100, 0),
(1475, 46, 100, 0),
(1475, 47, 100, 0),
(1475, 1002, 100, 0),
(1476, 46, 100, 0),
(1476, 47, 100, 0),
(1477, 49, 100, 0),
(1478, 49, 100, 0),
(1479, 49, 100, 0),
(1480, 81, 100, 0),
(1481, 81, 100, 0),
(1482, 1004, 100, 0),
(1484, 1004, 100, 0),
(1489, 70, 100, 0),
(1492, 51, 100, 0),
(1492, 60, 100, 0),
(1493, 51, 100, 0),
(1493, 60, 100, 0),
(1494, 46, 100, 0),
(1494, 47, 100, 0),
(1495, 46, 100, 0),
(1495, 47, 100, 0),
(1496, 46, 100, 0),
(1496, 47, 100, 0),
(1497, 52, 100, 0),
(1497, 53, 100, 0),
(1498, 52, 100, 0),
(1498, 53, 100, 0),
(1500, 52, 100, 0),
(1500, 53, 100, 0),
(1501, 52, 100, 0),
(1501, 53, 100, 0),
(1502, 54, 100, 0),
(1502, 83, 100, 0),
(1503, 54, 100, 0),
(1503, 83, 100, 0),
(1504, 90, 100, 0),
(1504, 1003, 100, 0),
(1505, 90, 100, 0),
(1505, 1003, 100, 0),
(1506, 90, 100, 0),
(1506, 1003, 100, 0),
(1507, 51, 100, 0),
(1507, 55, 100, 0),
(1507, 83, 100, 0),
(1507, 1004, 100, 0),
(1508, 51, 100, 0),
(1508, 55, 100, 0),
(1508, 83, 100, 0),
(1508, 1004, 100, 0),
(1509, 51, 100, 0),
(1509, 55, 100, 0),
(1509, 83, 100, 0),
(1509, 1004, 100, 0),
(1510, 50, 100, 0),
(1510, 57, 100, 0),
(1511, 57, 100, 0),
(1511, 81, 100, 0),
(1512, 47, 100, 0),
(1512, 49, 100, 0),
(1513, 81, 100, 0),
(1513, 1013, 100, 0),
(1519, 90, 100, 0),
(1529, 76, 100, 0),
(1530, 76, 100, 0),
(1531, 62, 100, 0),
(1532, 1014, 100, 0),
(1533, 61, 100, 0),
(1534, 22, 100, 0),
(1535, 8, 100, 0),
(1536, 1006, 100, 0),
(1537, 1007, 100, 0),
(1538, 1007, 100, 0),
(1539, 66, 100, 0),
(1540, 66, 100, 0),
(1541, 1008, 100, 0),
(1542, 67, 100, 0),
(1543, 1009, 100, 0),
(1544, 1009, 100, 0),
(1546, 1010, 100, 0),
(1547, 1011, 100, 0),
(1548, 1012, 100, 0),
(1549, 1012, 100, 0),
(1550, 1015, 100, 0),
(1579, 30, 100, 0),
(1580, 30, 100, 0),
(1583, 86, 100, 0),
(1584, 1016, 100, 0),
(1585, 1016, 100, 0),
(1586, 36, 100, 0),
(1587, 36, 100, 0),
(1589, 1016, 100, 0),
(1592, 1016, 100, 0),
(1619, 40, 100, 0),
(1620, 42, 100, 0),
(1621, 41, 100, 0),
(1622, 40, 100, 0),
(1623, 41, 100, 0),
(1624, 43, 100, 0),
(1625, 41, 100, 0),
(1627, 41, 100, 0),
(1628, 42, 100, 0),
(1629, 43, 100, 0),
(1630, 43, 100, 0),
(1631, 40, 100, 0),
(1632, 41, 100, 0),
(1633, 40, 100, 0),
(1634, 43, 100, 0),
(1635, 41, 100, 0),
(1636, 43, 100, 0),
(1639, 42, 100, 0),
(1642, 30, 100, 0),
(1644, 31, 100, 0),
(1647, 36, 100, 0),
(1649, 1017, 100, 0),
(1650, 1017, 100, 0),
(1651, 36, 100, 0),
(1654, 42, 100, 0),
(1655, 42, 100, 0),
(1656, 38, 100, 0),
(1657, 38, 100, 0),
(1658, 1016, 100, 0),
(1659, 1016, 100, 0),
(1660, 38, 100, 0),
(1661, 1016, 100, 0),
(1662, 38, 100, 0),
(1663, 1017, 100, 0),
(1664, 1017, 100, 0),
(1667, 46, 100, 0),
(1667, 47, 100, 0),
(1676, 108, 100, 0),
(1677, 107, 100, 0),
(1678, 111, 100, 0),
(1679, 107, 100, 0),
(1680, 107, 100, 0),
(1682, 110, 100, 0),
(1683, 111, 100, 0),
(1684, 111, 100, 0),
(1685, 110, 100, 0),
(1686, 111, 100, 0),
(1687, 111, 100, 0),
(1688, 107, 100, 0),
(1690, 108, 100, 0),
(1691, 110, 100, 0),
(1692, 105, 100, 0),
(1693, 20, 100, 0),
(1694, 29, 100, 0),
(1696, 16, 100, 0),
(1697, 16, 100, 0),
(1698, 91, 100, 0),
(1699, 22, 100, 0),
(1700, 21, 100, 0),
(1701, 91, 100, 0),
(1702, 22, 100, 0),
(1703, 91, 100, 0),
(1704, 21, 100, 0),
(1705, 20, 100, 0),
(1706, 17, 100, 0),
(1707, 20, 100, 0),
(1708, 19, 100, 0),
(1709, 29, 100, 0),
(1710, 17, 100, 0),
(1711, 33, 100, 0),
(1712, 17, 100, 0),
(1713, 33, 100, 0),
(1714, 19, 100, 0),
(1715, 22, 100, 0),
(1716, 21, 100, 0),
(1717, 18, 100, 0),
(1718, 19, 100, 0),
(1719, 16, 100, 0),
(1720, 33, 100, 0),
(1721, 34, 100, 0),
(1722, 24, 100, 0),
(1725, 112, 100, 0),
(1727, 24, 100, 0),
(1728, 112, 100, 0),
(1730, 112, 100, 0),
(1732, 112, 100, 0),
(1733, 85, 100, 0),
(1734, 24, 100, 0),
(1735, 35, 100, 0),
(1736, 35, 100, 0),
(1737, 35, 100, 0),
(1739, 112, 100, 0),
(1740, 24, 100, 0),
(1741, 2, 100, 0),
(1746, 107, 100, 0),
(1747, 35, 100, 0),
(1748, 22, 100, 0),
(1749, 17, 100, 0),
(1750, 16, 100, 0);

-- --------------------------------------------------------

--
-- Estructura de tabla para la tabla `horarios`
--

CREATE TABLE IF NOT EXISTS `horarios` (
  `idhorario` int(11) NOT NULL,
  `hora_inicio` time NOT NULL,
  `hora_fin` time NOT NULL,
  PRIMARY KEY (`idhorario`)
) ENGINE=InnoDB DEFAULT CHARSET=utf8;

--
-- Volcado de datos para la tabla `horarios`
--

INSERT INTO `horarios` (`idhorario`, `hora_inicio`, `hora_fin`) VALUES
(1, '07:00:00', '07:50:00'),
(2, '07:55:00', '08:45:00'),
(3, '08:50:00', '09:40:00'),
(4, '09:45:00', '10:35:00'),
(5, '10:40:00', '11:30:00'),
(6, '11:35:00', '12:25:00'),
(7, '12:30:00', '13:20:00'),
(8, '13:25:00', '14:15:00'),
(9, '14:20:00', '15:10:00'),
(10, '15:15:00', '16:05:00'),
(11, '16:05:00', '16:55:00'),
(12, '17:00:00', '17:50:00'),
(13, '17:55:00', '18:45:00'),
(14, '18:50:00', '19:40:00'),
(15, '19:45:00', '20:35:00'),
(16, '20:40:00', '21:30:00'),
(17, '21:35:00', '22:25:00');

-- --------------------------------------------------------

--
-- Estructura de tabla para la tabla `matriculaestudiante`
--

CREATE TABLE IF NOT EXISTS `matriculaestudiante` (
  `carne` int(11) NOT NULL DEFAULT '0',
  `idGrupo` int(11) NOT NULL DEFAULT '0',
  PRIMARY KEY (`carne`,`idGrupo`),
  KEY `FK_idGrupo_matriculaEstudiante` (`idGrupo`)
) ENGINE=InnoDB DEFAULT CHARSET=utf8;

--
-- Volcado de datos para la tabla `matriculaestudiante`
--

INSERT INTO `matriculaestudiante` (`carne`, `idGrupo`) VALUES
(2013029034, 13),
(2014036993, 13),
(2014093495, 13),
(2015011471, 13),
(2015015465, 13),
(2015025979, 13),
(2015026902, 13),
(2015026911, 13),
(2015026916, 13),
(2015027592, 13),
(2015027602, 13),
(2015027853, 13),
(2015027892, 13),
(2015027916, 13),
(2015042939, 13),
(2015042953, 13),
(2015093909, 13),
(2015096776, 13),
(2015098017, 13),
(2015105446, 13),
(2015111994, 13),
(2015112035, 13),
(2015120688, 13),
(2015127857, 13),
(2015135034, 13),
(2015145253, 13),
(2015145619, 13),
(2015148586, 13),
(2015182300, 13),
(2015023073, 14),
(2015023156, 14),
(2015025596, 14),
(2015026965, 14),
(2015027608, 14),
(2015027633, 14),
(2015035910, 14),
(2015038491, 14),
(2015046433, 14),
(2015054760, 14),
(2015057719, 14),
(2015069858, 14),
(2015075267, 14),
(2015079882, 14),
(2015090869, 14),
(2015092179, 14),
(2015093869, 14),
(2015096858, 14),
(2015097731, 14),
(2015104111, 14),
(2015105804, 14),
(2015111909, 14),
(2015111921, 14),
(2015116804, 14),
(2015119383, 14),
(2015121086, 14),
(2015127718, 14),
(2015127866, 14),
(2015173384, 14),
(2015183007, 14),
(201134041, 15),
(2015007724, 15),
(2015018474, 15),
(2015027623, 15),
(2015028221, 15),
(2015031157, 15),
(2015042938, 15),
(2015072329, 15),
(2015086388, 15),
(2015088063, 15),
(2015100497, 15),
(2015106483, 15),
(2015108688, 15),
(2015110373, 15),
(2015121877, 15),
(2015124632, 15),
(2015172189, 15),
(2015183489, 15),
(2015183490, 15),
(2013095340, 16),
(2015018474, 16),
(2015028221, 16),
(2015031157, 16),
(2015042938, 16),
(2015086388, 16),
(2015088063, 16),
(2015090782, 16),
(2015100497, 16),
(2015110373, 16),
(2015119590, 16),
(2015121877, 16),
(2015124632, 16),
(2015172189, 16),
(2015183489, 16),
(2015183490, 16),
(2015018474, 17),
(2015025509, 17),
(2015028221, 17),
(2015031157, 17),
(2015033534, 17),
(2015042938, 17),
(2015053538, 17),
(2015072329, 17),
(2015086388, 17),
(2015086456, 17),
(2015088063, 17),
(2015090782, 17),
(2015100497, 17),
(2015106483, 17),
(2015110373, 17),
(2015119590, 17),
(2015121877, 17),
(2015122047, 17),
(2015124130, 17),
(2015124632, 17),
(2015172189, 17),
(2015183489, 17),
(2015183490, 17),
(2013389847, 18),
(2013389893, 18),
(2014040540, 18),
(2014081831, 18),
(2014093746, 18),
(2014147348, 18),
(2014160171, 18),
(2015007717, 18),
(2015007724, 18),
(2015011507, 18),
(2015020260, 18),
(2015023572, 18),
(2015026929, 18),
(2015027565, 18),
(2015027607, 18),
(2015027610, 18),
(2015027611, 18),
(2015027623, 18),
(2015027885, 18),
(2015086690, 18),
(2015097766, 18),
(2015107073, 18),
(2015118042, 18),
(2015118888, 18),
(2015119744, 18),
(2015124066, 18),
(2015145293, 18),
(201050772, 19),
(201173868, 19),
(2013115363, 19),
(2013121153, 19),
(2014009403, 19),
(2014009589, 19),
(2014012980, 19),
(2014014981, 19),
(2014035213, 19),
(2014085419, 19),
(2014088201, 19),
(2014089290, 19),
(2014104630, 19),
(2014160007, 19),
(2014160008, 19),
(2014160645, 19),
(2015011460, 19),
(2015053083, 19),
(2015093900, 19),
(2015108688, 19),
(2015113770, 19),
(2015116726, 19),
(2015172810, 19),
(2013115363, 20),
(2015007724, 20),
(2015011507, 20),
(2015020260, 20),
(2015023572, 20),
(2015026929, 20),
(2015027565, 20),
(2015027607, 20),
(2015027610, 20),
(2015027623, 20),
(2015093900, 20),
(2015107073, 20),
(2015113770, 20),
(2015118888, 20),
(2015124066, 20),
(2015145293, 20),
(201173868, 21),
(2014009403, 21),
(2014009589, 21),
(2014014981, 21),
(2014035213, 21),
(2014040540, 21),
(2014079814, 21),
(2014081831, 21),
(2014085419, 21),
(2014093746, 21),
(2014104630, 21),
(2015007717, 21),
(2015011460, 21),
(2015027611, 21),
(2015027885, 21),
(2015053083, 21),
(2015086690, 21),
(2015097766, 21),
(2015108688, 21),
(2015116726, 21),
(2015118042, 21),
(2015119744, 21),
(2015172810, 21),
(200913164, 22),
(201050772, 22),
(2013389893, 22),
(2014020739, 22),
(2014160008, 22),
(2014160645, 22),
(201134882, 23),
(201229982, 23),
(2013085639, 23),
(2013099441, 23),
(2013389846, 23),
(2014013630, 23),
(2014035491, 23),
(2014096395, 23),
(2014120554, 23),
(201130451, 24),
(2013389847, 24),
(2013389893, 24),
(2014040540, 24),
(2014160171, 24),
(2015023572, 24),
(2015026929, 24),
(2015027885, 24),
(2015118042, 24),
(2015124066, 24),
(201173868, 25),
(201234542, 25),
(2013121153, 25),
(2014009589, 25),
(2014020739, 25),
(2014035213, 25),
(2014079814, 25),
(2014104630, 25),
(2014160645, 25),
(2015011460, 25),
(2015053083, 25),
(2015093900, 25),
(2015113770, 25),
(2015116726, 25),
(2015172810, 25),
(2013216430, 26),
(2014009403, 26),
(2014014981, 26),
(2014016150, 26),
(2014078127, 26),
(2014088201, 26),
(2014089290, 26),
(2014125283, 26),
(2014126180, 26),
(2014130027, 26),
(2014160008, 26),
(2015007717, 26),
(2015011507, 26),
(2015020260, 26),
(2015027565, 26),
(2015027607, 26),
(2015027610, 26),
(2015027611, 26),
(2015086690, 26),
(2015097766, 26),
(2015107073, 26),
(2015118888, 26),
(2015145293, 26),
(200913164, 27),
(201130451, 27),
(201281865, 27),
(2013021847, 27),
(2013025627, 27),
(2013085639, 27),
(2014012982, 27),
(2014012984, 27),
(2014013630, 27),
(2014016183, 27),
(2014035491, 27),
(2014040474, 27),
(2014069923, 27),
(2014070268, 27),
(2014073021, 27),
(2014080589, 27),
(2014081669, 27),
(2014096395, 27),
(2014104098, 27),
(2014126180, 27),
(201041438, 28),
(201042489, 28),
(201130227, 28),
(201229982, 28),
(201230026, 28),
(201232865, 28),
(201233459, 28),
(201259609, 28),
(201266637, 28),
(2013025621, 28),
(2013026067, 28),
(2013083934, 28),
(2013095337, 28),
(2013121128, 28),
(2013389846, 28),
(2014012677, 28),
(2014012861, 28),
(2014016150, 28),
(2014087954, 28),
(2014089506, 28),
(2014107943, 28),
(2014108035, 28),
(2014133976, 28),
(200913164, 29),
(201042489, 29),
(201130227, 29),
(201230026, 29),
(201232865, 29),
(201233459, 29),
(201266637, 29),
(201281865, 29),
(2013024489, 29),
(2013025621, 29),
(2013025627, 29),
(2013026067, 29),
(2013026791, 29),
(2013071872, 29),
(2013083934, 29),
(2013085706, 29),
(2013095337, 29),
(2013097299, 29),
(2013121128, 29),
(2014012677, 29),
(2014012861, 29),
(2014081669, 29),
(2014087954, 29),
(2014089506, 29),
(2014107943, 29),
(2014108035, 29),
(2014133976, 29),
(201049525, 30),
(201130227, 30),
(201153989, 30),
(201232865, 30),
(201259609, 30),
(201265867, 30),
(201265948, 30),
(2013026067, 30),
(2013071872, 30),
(2013083934, 30),
(2013085706, 30),
(2013095337, 30),
(2013097299, 30),
(201041438, 31),
(201042489, 31),
(201229982, 31),
(201230026, 31),
(201233459, 31),
(201266637, 31),
(2013024489, 31),
(2013025621, 31),
(2013026791, 31),
(2013121128, 31),
(2013389846, 31),
(2014012677, 31),
(2014012861, 31),
(2014016150, 31),
(2014087954, 31),
(2014089506, 31),
(2014107943, 31),
(2014108035, 31),
(2014133976, 31),
(200838986, 32),
(201132743, 32),
(201040979, 33),
(201049525, 33),
(201055192, 33),
(201132550, 33),
(201132743, 33),
(201159795, 33),
(201164038, 33),
(201166487, 33),
(201173364, 33),
(201232850, 33),
(201233826, 33),
(201233907, 33),
(201259609, 33),
(201259770, 33),
(201265867, 33),
(201265948, 33),
(201281282, 33),
(2013073004, 33),
(2013114746, 33),
(2013116236, 33),
(200914403, 34),
(200967568, 34),
(201012292, 34),
(201021572, 34),
(201134103, 34),
(201134795, 34),
(201163307, 34),
(2013024489, 34),
(2013025627, 34),
(2013026791, 34),
(2013040383, 34),
(2013071872, 34),
(2013085706, 34),
(2013096175, 34),
(2013097299, 34),
(2013097331, 34),
(2013235611, 34),
(2013236092, 34),
(200914403, 35),
(200938122, 35),
(201012292, 35),
(201040979, 35),
(201105477, 35),
(201132743, 35),
(201158146, 35),
(201233238, 35),
(201259609, 35),
(201259770, 35),
(201265867, 35),
(201265948, 35),
(2013027185, 35),
(2013040383, 35),
(2013073004, 35),
(2013096175, 35),
(2013097331, 35),
(2013102310, 35),
(2013114746, 35),
(2013114923, 35),
(2013116236, 35),
(2013235611, 35),
(2013236092, 35),
(200914403, 36),
(200938122, 36),
(200941354, 36),
(200941356, 36),
(201014364, 36),
(201040539, 36),
(201040979, 36),
(201041586, 36),
(201055192, 36),
(201106398, 36),
(201166487, 36),
(201232974, 36),
(201233238, 36),
(201234147, 36),
(201259609, 36),
(201263242, 36),
(201012292, 37),
(201021572, 37),
(201042701, 37),
(201134103, 37),
(201134795, 37),
(201159795, 37),
(201163307, 37),
(201173364, 37),
(201232850, 37),
(201233826, 37),
(201246884, 37),
(201259770, 37),
(201281282, 37),
(2013027185, 37),
(2013040383, 37),
(2013073004, 37),
(2013096175, 37),
(2013097331, 37),
(2013102310, 37),
(2013114746, 37),
(2013114923, 37),
(2013116236, 37),
(2013235611, 37),
(2013236092, 37),
(201012292, 38),
(201014364, 38),
(201040539, 38),
(201041586, 38),
(201042701, 38),
(201106398, 38),
(201134103, 38),
(201134795, 38),
(201159795, 38),
(201163307, 38),
(201173364, 38),
(201232974, 38),
(201234147, 38),
(201263242, 38),
(200941356, 39),
(200967568, 39),
(201012292, 39),
(201014364, 39),
(201040979, 39),
(201042701, 39),
(201049525, 39),
(201055192, 39),
(201106398, 39),
(201159795, 39),
(201173364, 39),
(201232850, 39),
(201233826, 39),
(201233907, 39),
(201259609, 39),
(201259770, 39),
(201265867, 39),
(2013027185, 39),
(2013040383, 39),
(2013073004, 39),
(2013096175, 39),
(2013097331, 39),
(2013102310, 39),
(2013114746, 39),
(2013116236, 39),
(2013235611, 39),
(2013236092, 39),
(201021572, 40),
(201049525, 40),
(201134103, 40),
(201134795, 40),
(201153989, 40),
(201159795, 40),
(201163307, 40),
(201259770, 40),
(2013026067, 40),
(2013027185, 40),
(2013040383, 40),
(2013071872, 40),
(2013073004, 40),
(2013083934, 40),
(2013085706, 40),
(2013095337, 40),
(2013096175, 40),
(2013097299, 40),
(2013097331, 40),
(2013102310, 40),
(2013114746, 40),
(2013121128, 40),
(2013235611, 40),
(2013236092, 40),
(2014108035, 40),
(200941354, 41),
(200941356, 41),
(201040539, 41),
(201049525, 41),
(201055192, 41),
(201105477, 41),
(201153989, 41),
(201166487, 41),
(201232850, 41),
(201232974, 41),
(201233238, 41),
(201233826, 41),
(201234147, 41),
(201246884, 41),
(201259770, 41),
(201265867, 41),
(201265948, 41),
(201281282, 41),
(201281865, 41),
(2013027185, 41),
(2013102310, 41),
(2013114746, 41),
(2013114923, 41),
(2013116236, 41),
(200002588, 42),
(200130769, 42),
(200835479, 42),
(200941331, 42),
(201009492, 43),
(201030999, 43),
(201070188, 43),
(201133297, 43),
(201133795, 43),
(201158146, 43),
(201164038, 43),
(201232962, 43),
(201233025, 43),
(201234249, 43);

-- --------------------------------------------------------

--
-- Estructura de tabla para la tabla `profesores`
--

CREATE TABLE IF NOT EXISTS `profesores` (
  `idProfesor` int(11) NOT NULL,
  `cedula` char(11) DEFAULT '',
  `nombre` varchar(50) NOT NULL,
  `codCarrera` varchar(3) DEFAULT NULL,
  PRIMARY KEY (`idProfesor`),
  KEY `codCarrera` (`codCarrera`)
) ENGINE=InnoDB DEFAULT CHARSET=utf8;

--
-- Volcado de datos para la tabla `profesores`
--

INSERT INTO `profesores` (`idProfesor`, `cedula`, `nombre`, `codCarrera`) VALUES
(0, '2-0742-0972', 'KENNETH PEREZ ALFARO', NULL),
(1, '5-0303-0892', 'GAUDY ESQUIVEL VEGA', 'CA '),
(2, '2-0356-0499', 'VERA GAMBOA GUZMÁN', 'CA '),
(3, '2-0659-0565', 'DENNIS VALVERDE PACHECO', 'CA '),
(4, '2-0505-0627', 'ABEL MÉNDEZ PORRAS', 'CA '),
(5, '2-0511-0144', 'LORENA VALERIO SOLÍS', 'CA '),
(6, '2-0399-0803', 'OSCAR LOPEZ VILLEGAS', 'CA '),
(7, '2-0536-0405', 'OSCAR VÍQUEZ ACUÑA', 'CA '),
(8, '2-0562-0727', 'LEONARDO VÍQUEZ ACUÑA', 'CA '),
(9, '2-0609-0608', 'JORGE ALFARO VELASCO', 'CA '),
(10, '2-0571-0712', 'MARLEN TREVIÑO VILLALOBOS', 'CA '),
(11, '3-0273-0016', 'MARVIN CAMPOS FUENTES', 'CA '),
(12, '4-0123-0374', 'GERARDO BRENES TREJOS', 'CA '),
(13, '2-0668-0338', 'HUBER ESPINOZA PALMA', 'CA '),
(14, '2-0521-0991', 'ROGELIO GONZALEZ QUIRÓS', 'CA '),
(15, '2-0674-0150', 'EFRÉN JIMÉNEZ DELGADO', 'CA '),
(16, '', 'MARLON PEREZ PEREZ', 'CL '),
(17, '', 'DANILO ALPIZAR LOBO', 'CL '),
(18, '', 'SONIA VILLEGAS SALAS', 'CL '),
(19, '', 'CRISTIAN MOREIRA SEGURA', 'CL '),
(20, '', 'JOHANNY VALLECILLO ALFARO', 'CL '),
(21, '', 'KARINA CORELLA ESQUIVEL', 'CL '),
(22, '', 'ERICK SALAS ACUÑA', 'CL '),
(23, '', 'JAIME GAMBOA QUESADA', 'CL '),
(24, '', 'JOSE RODRIGUEZ BARRIENTOS', 'CL '),
(25, '', 'EVELYN DELGADO CARVAJAL', 'CL '),
(26, '', 'CARLOS GUILLEN PEREZ', 'CL '),
(27, '2-0392-0347', 'RODOLFO JIMENEZ CESPEDES', 'CL '),
(28, '', 'ESTEBAN BALLESTERO ALFARO', 'CL '),
(29, '', 'OSCAR CHAVES JIMENEZ', 'CL '),
(30, '', 'VANESSA CARVAJAL ALFARO', 'CL '),
(31, '', 'OMAR GATJENS BONICHE', 'CL '),
(32, '', 'WILLY PINEDA LIZANO', 'CL '),
(33, '', 'PATRICIA LOPEZ ESTRADA', 'CL '),
(34, '', 'ANTONIO BARRANTES TORRES', 'CL '),
(35, '', 'RODOLFO GONZALES ZUÑIGA', 'CL '),
(36, '', 'ROMMEL ALVARADO ORTEGA', 'CL '),
(37, '', 'RONALD VARGAS ESQUIVEL', 'CL '),
(38, '', 'ESTEBAN CORRALES QUESADA', 'CL '),
(39, '', 'ANABELLE CASTRO CASTRO', 'CL '),
(40, '', 'DANILO ALBERTO PORRAS CAJINA', 'CL '),
(41, '', 'MARCELA FERNANDEZ RODRIGUEZ', 'CL '),
(42, '', 'MARCO JUAREZ GUIDO', 'CL '),
(43, '', 'LUIS CASTILLO ARGUELLO', 'CL '),
(44, '', 'WILFRIDO PANIAGUA MADRIGAL', 'AG '),
(45, '', 'JOSE CHAVES ALFARO', 'AG '),
(46, '', 'JOAQUIN DURAN MORA', 'AG '),
(47, '', 'XIOMARA MATA GRANADOS', 'AG '),
(48, '', 'CARLOS VINICIO RAMIREZ VARGAS', 'AG '),
(49, '', 'MARLEN CAMACHO CALVO', 'AG '),
(50, '', 'CARLOS ARCE CALDERON', 'AG '),
(51, '', 'JORGE MARIO BOLAÑOS MOYA', 'AG '),
(52, '', 'ARNOLDO GADEA RIVAS', 'AG '),
(53, '', 'PARMENIDES FURCAL BERIGUETE', 'AG '),
(54, '', 'CARLOS MUÑOS RUIZ', 'AG '),
(55, '', 'OLGER MURILLO BRAVO', 'AG '),
(56, '', 'WAINER MONTERO CARMONA', 'AG '),
(57, '', 'SERGIO TORRES PORTUGUES', 'AG '),
(59, '', 'ZULAY CASTRO JIMENEZ', 'AG '),
(60, '', 'JAIME GALINDO BADILLA', 'AG '),
(61, '', 'JUAN JOSE VALERIO VINDAS', 'PI '),
(62, '', 'OSCAR CORDOBA ARTAVIA', 'AE '),
(63, '', 'ERICK VARGAS RODRIGUEZ', 'PI '),
(64, '', 'LUIS RODRIGUEZ CASTILLO', 'PI '),
(65, '', 'RAFAEL GUTIERREZ BRENES', 'PI '),
(66, '', 'RAFAEL TORRES NAVARRO', 'PI '),
(67, '', 'LUIS IGNACIO GARCES MONGE', 'PI '),
(70, '', 'OSCAR ACEVEDO WHITFORD', 'AE '),
(71, '', 'LIGIA GUERRERO VARGAS', 'AE '),
(72, '', 'MILDRED ZUÑIGA CARVAJAL', 'AE '),
(74, '', 'ALFREDO ALFARO RAMOS', 'AE '),
(76, '', 'ALEXANDER VILLEGAS ROJAS', 'AE '),
(77, '', 'ALLAN JOSE PEREZ OROZCO', 'AE '),
(79, '', 'ANA GABRIELA VIQUEZ PANIAGUA', 'AE '),
(80, '', 'DANIEL PEREZ MURILLO', 'AE '),
(81, '', 'FERNANDO GOMEZ SANCHEZ', 'AG '),
(83, '', 'MONICA MADRIGAL VALVERDE', 'AG '),
(84, '2-0629-0310', 'ROCÍO QUIRÓS OVIEDO', 'CA '),
(85, '', 'LUIS ALBÁN ÁRIAS SOSA', 'TR '),
(86, '', 'CARLA TREJOS ARAYA', 'TR'),
(87, '2-0606-0180', 'DIEGO ROJAS VEGA', 'CA '),
(88, '', 'FRANCISCO CÉSPEDES OBANDO', 'TR '),
(89, '', 'EILYN BARRANTES BARRANTES', 'AE '),
(90, '', 'CARLOS RAMIREZ VARGAS', 'AG '),
(91, '', 'ARIADNE CAMACHO ARIAS', 'CL '),
(92, '', 'LENIN MONDOL LOPEZ', 'CL '),
(93, '', 'MARCELA CHAVES ALVAREZ', 'MI '),
(94, '', 'JOSHUA GUZMAN CONEJO', 'MI '),
(95, '', 'IVAN NAVARRETE DAVILA', 'DVE'),
(96, '', 'OSCAR CHANIS REYES', 'DVE'),
(97, '', 'MARIA LORNA QUIROS SALAZAR', 'DVE'),
(98, '', 'MARCIA RODRÍGUEZ MORERA', 'DVE'),
(99, '', 'WILBERTH MENDEZ MENDEZ', 'DVE'),
(100, '', 'LUIS ENRIQUE JIMENEZ GARCIA', 'DVE'),
(101, '', 'DILANA FREER', 'CL '),
(102, '', 'LEONARDO CARDINALE VILLALOBOS', 'E  '),
(105, '', 'SAUL GUADAMUZ BRENES', 'E  '),
(107, '', 'GUILLERMO CASTRO BADILLA', 'E  '),
(108, '', 'ERNESTO RIVERA ALVARADO', 'E  '),
(110, '', 'RONNY GARCÍA RAMIREZ', 'E  '),
(111, '', 'SUSSY SANCHEZ RAMIREZ', 'E  '),
(112, '', 'SHIRLEY ALARCON ZAMORA', 'EI '),
(1001, '1-0541-0049', 'EDGARDO VARGAS JARQUIN', 'CA'),
(1002, '', 'INGRID VARELA BENAVIDES', 'AG'),
(1003, '', 'CESAR NARANJO DIAZ', 'AG'),
(1004, '', 'MILTON VILLARREAL CASTRO', 'AG'),
(1005, '', 'LUIS E GONZALEZ RODRIGUEZ', 'PI'),
(1006, '', 'MARCO ANDERSON ESPINOZA', 'PI'),
(1007, '', 'FRANKLIN ACUÑA ARIAS', 'PI'),
(1008, '', 'LUIS IGNACIO GARCES MONGE', 'PI'),
(1009, '', 'DIOGENES ALVAREZ SOLORZANO', 'PI'),
(1010, '', 'FEDERICO PICADO ALVARADO', 'PI'),
(1011, '', 'CARMEN MADRIZ QUIROS', 'PI'),
(1012, '', 'JUAN B HERNANDEZ GRANADOS', 'PI'),
(1013, '', 'JOSE GDO CHAVES ALFARO', 'AG'),
(1014, '', 'LUIS E RODRIGUEZ GONZALEZ', 'PI'),
(1015, '', 'MARCO ANDERSON ESPINOZA', 'PI'),
(1016, '', 'MARCO VINICIO LOPEZ GAMBOA', 'EC'),
(1017, '', 'EDGAR ROJAS GONZALEZ', 'EC');

-- --------------------------------------------------------

--
-- Estructura de tabla para la tabla `profesores_usuarios`
--

CREATE TABLE IF NOT EXISTS `profesores_usuarios` (
  `idProfesor` int(11) NOT NULL,
  `idusuario` int(11) NOT NULL,
  `tipo` tinyint(4) NOT NULL DEFAULT '1',
  PRIMARY KEY (`idProfesor`,`idusuario`),
  KEY `idProfesor` (`idProfesor`),
  KEY `idusuario` (`idusuario`)
) ENGINE=InnoDB DEFAULT CHARSET=utf8;

--
-- Volcado de datos para la tabla `profesores_usuarios`
--

INSERT INTO `profesores_usuarios` (`idProfesor`, `idusuario`, `tipo`) VALUES
(0, 34, 0),
(2, 30, 1),
(3, 7, 1),
(4, 2, 1),
(5, 17, 1),
(6, 23, 1),
(7, 24, 1),
(8, 18, 0),
(9, 14, 1),
(10, 20, 1),
(11, 19, 1),
(12, 11, 1),
(13, 13, 1),
(14, 27, 1),
(15, 9, 1),
(84, 25, 1),
(87, 6, 1),
(1001, 8, 1);

-- --------------------------------------------------------

--
-- Estructura de tabla para la tabla `usuarios`
--

CREATE TABLE IF NOT EXISTS `usuarios` (
  `idUsuario` int(11) NOT NULL AUTO_INCREMENT,
  `usuario` varchar(30) NOT NULL,
  `clave` varchar(32) NOT NULL,
  `nombre` varchar(200) NOT NULL,
  `tipo` tinyint(4) DEFAULT NULL,
  PRIMARY KEY (`idUsuario`),
  UNIQUE KEY `usuario` (`usuario`)
) ENGINE=InnoDB  DEFAULT CHARSET=utf8 AUTO_INCREMENT=35 ;

--
-- Volcado de datos para la tabla `usuarios`
--

INSERT INTO `usuarios` (`idUsuario`, `usuario`, `clave`, `nombre`, `tipo`) VALUES
(1, 'acamero', '827ccb0eea8a706c4c34a16891f84e7b', 'Alberto Camero', NULL),
(2, 'amendez', '40b607011eb7bb0bac86d5a87a5567fd', 'Abel Méndez Porras ', NULL),
(3, 'ana.castro', '827ccb0eea8a706c4c34a16891f84e7b', 'Ana Castro', NULL),
(4, 'cartavia', '827ccb0eea8a706c4c34a16891f84e7b', 'Cynthia Artavia', NULL),
(5, 'ccarvajal', '827ccb0eea8a706c4c34a16891f84e7b', 'Cinthia Carvajal', NULL),
(6, 'drojas', '5fa275ed4cc64fae3bb2433a9de71aec', 'Diego Rojas Vega', NULL),
(7, 'dvalverde', 'f8d1cd4634838f2958fbdb97bec41004', 'Dennis Valverde Pacheco', NULL),
(8, 'edvargas', '630afb6ab1ddf3087d96c606cbad4f66', 'Edgardo Vargas Jarquín', 0),
(9, 'efjimenez', '4a4bdff2ec1f555c9fde5f9f278775cf', 'Efrén Jiménez Delgado ', NULL),
(10, 'equiros', 'd7403066713e9d99bcc97a8db69bfb67', 'Edna Quirós', 0),
(11, 'gabrenes', '46b02d20a2e19ae96fbf8bc93182bb1b', 'Gerardo Brenes Trejos', NULL),
(12, 'gesquivel', 'bd95f64139179035930555b01fd37241', 'Gaudy Esquivel Vega', NULL),
(13, 'hespinoza', '9abd4079b7e8a3335f6fddb2908835d6', 'Huber Espinoza Palma ', NULL),
(14, 'joalfaro', '216698eff7fabfb582a14a1fff80d2bf', 'Jorge Alfaro Velasco ', NULL),
(15, 'juvalerio', '827ccb0eea8a706c4c34a16891f84e7b', 'Juan Jose Valerio Vindas', NULL),
(16, 'lsandi', '6498b0af138b4974b5ef7f58bce05ea7', 'Lidia Sandi Gonzalez', NULL),
(17, 'lvalerio', '4d88bba2d37c888930fb049832ba0433', 'Lorena Valerio Solís', NULL),
(18, 'lviquez', '6507ded844a968efaf0c416c01c6266c', 'Leonardo Víquez', 0),
(19, 'mcampos', 'ef4b7ec5d59a3fff838473864a8c44b8', 'Marvin Campos Fuentes ', NULL),
(20, 'mtrevino', '8e480c478694b9ab2bbbf963f187f2c5', 'Marlen Treviño Villalobos', NULL),
(21, 'nsalazar', '827ccb0eea8a706c4c34a16891f84e7b', 'Noidy Salazar Arrieta', NULL),
(22, 'ochaves', '827ccb0eea8a706c4c34a16891f84e7b', 'Óscar Chaves', NULL),
(23, 'olopez', '2136563b8fe075051fa03bbda1d57f87', 'Oscar López Villegas', NULL),
(24, 'oviquez', 'a08fc85c6c3182db46e5b74cefeedbc6', 'Oscar Mario Víquez Acuña ', NULL),
(25, 'rocio.quiros', 'fb3e019f74099156e5135925df712d7f', 'Rocio Quirós Oviedo', NULL),
(26, 'rodjimenez', '827ccb0eea8a706c4c34a16891f84e7b', 'Rodolfo Jiménez', NULL),
(27, 'rojo', 'd0fddf981a679ecdc48c0219da474677', 'Rogelio Gonzáles Quirós', NULL),
(28, 'rrodriguezb', '827ccb0eea8a706c4c34a16891f84e7b', 'Ronny Rodríguez', NULL),
(29, 'sguadamuz', '827ccb0eea8a706c4c34a16891f84e7b', 'Saul Guadamuz Brenes', NULL),
(30, 'vgamboa', 'c9997cb8c5a983b797bff4fcade69079', 'Vera Gamboa Guzmán', NULL),
(31, 'ycerdas', '827ccb0eea8a706c4c34a16891f84e7b', 'Yari Maria Cerdas Pineda', NULL),
(32, 'yjimenez', '827ccb0eea8a706c4c34a16891f84e7b', 'Yendry Jiménez', NULL),
(34, 'admin', '827ccb0eea8a706c4c34a16891f84e7b', 'Kenneth Pérez Alfaro', NULL);

-- --------------------------------------------------------

--
-- Estructura de tabla para la tabla `valoracomentario`
--

CREATE TABLE IF NOT EXISTS `valoracomentario` (
  `idGrupo` int(11) NOT NULL DEFAULT '0',
  `carne` int(11) NOT NULL DEFAULT '0',
  `comentario` varchar(200) DEFAULT NULL,
  PRIMARY KEY (`idGrupo`,`carne`),
  KEY `FK_carne_valoraComentario` (`carne`)
) ENGINE=InnoDB DEFAULT CHARSET=utf8;

-- --------------------------------------------------------

--
-- Estructura de tabla para la tabla `valoracurso`
--

CREATE TABLE IF NOT EXISTS `valoracurso` (
  `idGrupo` int(11) NOT NULL DEFAULT '0',
  `carne` int(11) NOT NULL DEFAULT '0',
  `valoracion` tinyint(4) DEFAULT NULL,
  PRIMARY KEY (`idGrupo`,`carne`),
  KEY `FK_carne_valorCurso` (`carne`)
) ENGINE=InnoDB DEFAULT CHARSET=utf8;

-- --------------------------------------------------------

--
-- Estructura de tabla para la tabla `valoraprofesor`
--

CREATE TABLE IF NOT EXISTS `valoraprofesor` (
  `idGrupo` int(11) NOT NULL DEFAULT '0',
  `carne` int(11) NOT NULL DEFAULT '0',
  `idProfesor` int(11) NOT NULL DEFAULT '0',
  `valoracion` tinyint(4) DEFAULT NULL,
  PRIMARY KEY (`idGrupo`,`carne`,`idProfesor`),
  KEY `FK_carne_valorProfesor` (`carne`),
  KEY `FK_cedula_valorProfesor` (`idProfesor`),
  KEY `idProfesor` (`idProfesor`)
) ENGINE=InnoDB DEFAULT CHARSET=utf8;

--
-- Restricciones para tablas volcadas
--

--
-- Filtros para la tabla `bloques`
--
ALTER TABLE `bloques`
  ADD CONSTRAINT `bloques_ibfk_1` FOREIGN KEY (`carrera`) REFERENCES `carreras` (`codCarrera`) ON DELETE CASCADE ON UPDATE CASCADE;

--
-- Filtros para la tabla `bloques_grupos`
--
ALTER TABLE `bloques_grupos`
  ADD CONSTRAINT `bloques_grupos_ibfk_1` FOREIGN KEY (`idGrupo`) REFERENCES `grupos` (`idGrupo`) ON DELETE CASCADE ON UPDATE CASCADE,
  ADD CONSTRAINT `bloques_grupos_ibfk_2` FOREIGN KEY (`idBloques`) REFERENCES `bloques` (`idBloque`) ON DELETE CASCADE ON UPDATE CASCADE;

--
-- Filtros para la tabla `cursos`
--
ALTER TABLE `cursos`
  ADD CONSTRAINT `cursos_ibfk_1` FOREIGN KEY (`codcarrera`) REFERENCES `carreras` (`codCarrera`) ON UPDATE CASCADE;

--
-- Filtros para la tabla `estudiantes`
--
ALTER TABLE `estudiantes`
  ADD CONSTRAINT `estudiantes_ibfk_1` FOREIGN KEY (`carrera`) REFERENCES `carreras` (`codCarrera`) ON UPDATE CASCADE;

--
-- Filtros para la tabla `grupos`
--
ALTER TABLE `grupos`
  ADD CONSTRAINT `FK_codigo_grupos` FOREIGN KEY (`codigo`) REFERENCES `cursos` (`codigo`) ON DELETE CASCADE ON UPDATE CASCADE,
  ADD CONSTRAINT `grupos_ibfk_1` FOREIGN KEY (`codCarrera`) REFERENCES `carreras` (`codCarrera`);

--
-- Filtros para la tabla `gruposhorarios`
--
ALTER TABLE `gruposhorarios`
  ADD CONSTRAINT `fk_idaula_gruposhorarios` FOREIGN KEY (`idaula`) REFERENCES `aulas` (`idaula`) ON DELETE NO ACTION ON UPDATE CASCADE,
  ADD CONSTRAINT `fk_idgrupo_gruposhorarios` FOREIGN KEY (`idgrupo`) REFERENCES `grupos` (`idGrupo`) ON DELETE CASCADE ON UPDATE CASCADE,
  ADD CONSTRAINT `fk_idhorario_gruposhorarios` FOREIGN KEY (`idhorario`) REFERENCES `horarios` (`idhorario`) ON DELETE NO ACTION ON UPDATE CASCADE;

--
-- Filtros para la tabla `gruposprofesores`
--
ALTER TABLE `gruposprofesores`
  ADD CONSTRAINT `FK_idGrupo_gruposProfesores` FOREIGN KEY (`idGrupo`) REFERENCES `grupos` (`idGrupo`) ON DELETE CASCADE ON UPDATE CASCADE,
  ADD CONSTRAINT `gruposProfesores_ibfk_1` FOREIGN KEY (`idProfesor`) REFERENCES `profesores` (`idProfesor`) ON UPDATE CASCADE;

--
-- Filtros para la tabla `matriculaestudiante`
--
ALTER TABLE `matriculaestudiante`
  ADD CONSTRAINT `FK_carne_matriculaEstudiante` FOREIGN KEY (`carne`) REFERENCES `estudiantes` (`carne`) ON DELETE CASCADE ON UPDATE CASCADE,
  ADD CONSTRAINT `FK_idGrupo_matriculaEstudiante` FOREIGN KEY (`idGrupo`) REFERENCES `grupos` (`idGrupo`) ON DELETE CASCADE ON UPDATE CASCADE;

--
-- Filtros para la tabla `profesores`
--
ALTER TABLE `profesores`
  ADD CONSTRAINT `profesores_ibfk_1` FOREIGN KEY (`codCarrera`) REFERENCES `carreras` (`codCarrera`) ON UPDATE CASCADE;

--
-- Filtros para la tabla `profesores_usuarios`
--
ALTER TABLE `profesores_usuarios`
  ADD CONSTRAINT `profesores_usuarios_ibfk_1` FOREIGN KEY (`idusuario`) REFERENCES `usuarios` (`idUsuario`) ON DELETE CASCADE ON UPDATE CASCADE,
  ADD CONSTRAINT `profesores_usuarios_ibfk_2` FOREIGN KEY (`idProfesor`) REFERENCES `profesores` (`idProfesor`) ON DELETE CASCADE ON UPDATE CASCADE;

--
-- Filtros para la tabla `valoracomentario`
--
ALTER TABLE `valoracomentario`
  ADD CONSTRAINT `FK_carne_valoraComentario` FOREIGN KEY (`carne`) REFERENCES `estudiantes` (`carne`) ON DELETE CASCADE ON UPDATE CASCADE,
  ADD CONSTRAINT `FK_idGrupo_valoraComentario` FOREIGN KEY (`idGrupo`) REFERENCES `grupos` (`idGrupo`) ON DELETE CASCADE ON UPDATE CASCADE;

--
-- Filtros para la tabla `valoracurso`
--
ALTER TABLE `valoracurso`
  ADD CONSTRAINT `FK_carne_valorCurso` FOREIGN KEY (`carne`) REFERENCES `estudiantes` (`carne`) ON DELETE CASCADE ON UPDATE CASCADE,
  ADD CONSTRAINT `FK_idGrupo_valorCurso` FOREIGN KEY (`idGrupo`) REFERENCES `grupos` (`idGrupo`) ON DELETE CASCADE ON UPDATE CASCADE;

--
-- Filtros para la tabla `valoraprofesor`
--
ALTER TABLE `valoraprofesor`
  ADD CONSTRAINT `FK_carne_valorProfesor` FOREIGN KEY (`carne`) REFERENCES `estudiantes` (`carne`),
  ADD CONSTRAINT `FK_idGrupo_valorProfesor` FOREIGN KEY (`idGrupo`) REFERENCES `grupos` (`idGrupo`) ON DELETE CASCADE ON UPDATE CASCADE,
  ADD CONSTRAINT `valoraProfesor_ibfk_1` FOREIGN KEY (`idProfesor`) REFERENCES `profesores` (`idProfesor`) ON DELETE CASCADE ON UPDATE CASCADE;

/*!40101 SET CHARACTER_SET_CLIENT=@OLD_CHARACTER_SET_CLIENT */;
/*!40101 SET CHARACTER_SET_RESULTS=@OLD_CHARACTER_SET_RESULTS */;
/*!40101 SET COLLATION_CONNECTION=@OLD_COLLATION_CONNECTION */;
